district,sub_district,neighborhood,location_id,listing_count,lat,lon,geocode_strategy,is_district_center,display_name
arnavutkoy,arnavutkoy,anadolu,0,32,41.1851685,28.7494522,1.0,0.0,"Anadolu Mahallesi, Arnavutköy, İstanbul, Marmara Bölgesi, Türkiye"
arnavutkoy,arnavutkoy,arnavutkoy merkez,1,27,41.1823968,28.7426319,1.0,0.0,"Arnavutköy Merkez Mahallesi, Arnavutköy, İstanbul, Marmara Bölgesi, Türkiye"
arnavutkoy,arnavutkoy,hadimkoy,2,34,41.1585587,28.6212692,1.0,0.0,"Hadımköy Mahallesi, Arnavutköy, İstanbul, Marmara Bölgesi, Türkiye"
arnavutkoy,arnavutkoy,i̇mrahor,3,2,41.2156124,28.7463257,1.0,0.0,"İmrahor Mahallesi, Arnavutköy, İstanbul, Marmara Bölgesi, 34275, Türkiye"
arnavutkoy,arnavutkoy,i̇slambey,4,33,41.1885825,28.7415591,1.0,0.0,"İslambey Mahallesi, Arnavutköy, İstanbul, Marmara Bölgesi, Türkiye"
arnavutkoy,arnavutkoy,mustafa kemal pasa,5,18,41.1868267,28.7358834,1.0,0.0,"Mustafa Kemal Paşa Mahallesi, Arnavutköy, İstanbul, Marmara Bölgesi, Türkiye"
arnavutkoy,arnavutkoy,nenehatun,6,8,41.1821756,28.740234,1.0,0.0,"Nenehatun Caddesi, Arnavutköy Merkez Mahallesi, Arnavutköy, İstanbul, Marmara Bölgesi, 34275, Türkiye"
arnavutkoy,arnavutkoy,yavuz selim,7,8,41.2063186,28.7307262,1.0,0.0,"Yavuz Selim Mahallesi, Arnavutköy, İstanbul, Marmara Bölgesi, Türkiye"
arnavutkoy,arnavutkoy,yunus emre,8,6,41.1851922,28.7605273,1.0,0.0,"Yunus Emre Mahallesi, Arnavutköy, İstanbul, Marmara Bölgesi, Türkiye"
arnavutkoy,bogazkoy,ataturk,9,13,41.180139,28.763479,1.0,0.0,"Boğazköy Atatürk Caddesi, Efeler Sokağı, Boğazköy İstiklal Mahallesi, Arnavutköy, İstanbul, Marmara Bölgesi, 34285, Türkiye"
arnavutkoy,bogazkoy,bogazkoy i̇stiklal,10,4,41.180795,28.770647,1.0,0.0,"Boğazköy, Milli Egemenlik Caddesi, Boğazköy İstiklal Mahallesi, Arnavutköy, İstanbul, Marmara Bölgesi, 34285, Türkiye"
arnavutkoy,bolluca,hicret,11,6,41.1986596,28.7666478,2.0,0.0,"Bolluca Mahallesi, Arnavutköy, İstanbul, Marmara Bölgesi, 34287, Türkiye"
arnavutkoy,bolluca,mavigol,12,17,41.2185352,28.7696946,1.0,0.0,"Mavigöl Göleti, Bolluca Mahallesi, Arnavutköy, İstanbul, Marmara Bölgesi, Türkiye"
arnavutkoy,bolluca,merkez,13,15,41.1974977,28.7650153,1.0,0.0,"Bolluca Merkez Camii, İsmet İnönü Caddesi, Hicret Mahallesi, Arnavutköy, İstanbul, Marmara Bölgesi, 34287, Türkiye"
arnavutkoy,hadimkoy(boyalik),deliklikaya,14,14,41.184471,28.7412446,3.0,1.0,"Arnavutköy, İstanbul, Marmara Bölgesi, Türkiye"
arnavutkoy,hadimkoy(boyalik),dursunkoy,15,1,41.184471,28.7412446,3.0,1.0,"Arnavutköy, İstanbul, Marmara Bölgesi, Türkiye"
arnavutkoy,hadimkoy(boyalik),hastane,16,5,41.184471,28.7412446,3.0,1.0,"Arnavutköy, İstanbul, Marmara Bölgesi, Türkiye"
arnavutkoy,hadimkoy(boyalik),omerli,17,7,41.184471,28.7412446,3.0,1.0,"Arnavutköy, İstanbul, Marmara Bölgesi, Türkiye"
arnavutkoy,haracci,haracci,18,10,41.177438,28.702325,1.0,0.0,"Haraççı, Haraççı - Hadımköy Yolu, Haraççı Mahallesi, Arnavutköy, İstanbul, Marmara Bölgesi, 34281, Türkiye"
arnavutkoy,haracci,karlibayir,19,16,41.18262,28.720008,1.0,0.0,"Karlıbayır, Bayrak Sokağı, Karlıbayır Mahallesi, Arnavutköy, İstanbul, Marmara Bölgesi, 34281, Türkiye"
arnavutkoy,koyler,tayakadin,20,1,41.184471,28.7412446,3.0,1.0,"Arnavutköy, İstanbul, Marmara Bölgesi, Türkiye"
arnavutkoy,koyler,yassioren,21,1,41.184471,28.7412446,3.0,1.0,"Arnavutköy, İstanbul, Marmara Bölgesi, Türkiye"
arnavutkoy,tasoluk,adnan menderes,22,1,41.199995,28.704637,1.0,0.0,"Adnan Menderes Caddesi, Egemen Caddesi, Mehmet Akif Ersoy Mahallesi, Arnavutköy, İstanbul, Marmara Bölgesi, 34283, Türkiye"
arnavutkoy,tasoluk,fatih,23,3,41.2070653,28.715889,2.0,0.0,"Taşoluk, Atatürk Caddesi, Mehmet Akif Ersoy Mahallesi, Arnavutköy, İstanbul, Marmara Bölgesi, 34283, Türkiye"
arnavutkoy,tasoluk,maresal fevzi cakmak,24,6,41.2070653,28.715889,2.0,0.0,"Taşoluk, Atatürk Caddesi, Mehmet Akif Ersoy Mahallesi, Arnavutköy, İstanbul, Marmara Bölgesi, 34283, Türkiye"
arnavutkoy,tasoluk,mehmet akif ersoy,25,10,41.2070653,28.715889,2.0,0.0,"Taşoluk, Atatürk Caddesi, Mehmet Akif Ersoy Mahallesi, Arnavutköy, İstanbul, Marmara Bölgesi, 34283, Türkiye"
arnavutkoy,tasoluk,tasoluk,26,12,41.1915259,28.707349,1.0,0.0,"Taşoluk Cd., Taşoluk Mahallesi, Arnavutköy, İstanbul, Marmara Bölgesi, 34283, Türkiye"
atasehir,atasehir,asikveysel,27,12,41.0045725,29.091795,1.0,0.0,"Aşıkveysel Mahallesi, Ataşehir, İstanbul, Marmara Bölgesi, Türkiye"
atasehir,atasehir,ataturk,28,83,40.9908392,29.1265531,1.0,0.0,"Atatürk Mahallesi, Ataşehir, İstanbul, Marmara Bölgesi, 34758, Türkiye"
atasehir,atasehir,mevlana,29,12,40.9921566,29.1533813,1.0,0.0,"Mevlana, Necip Fazıl Bulvarı, Mevlana Mahallesi, Ataşehir, İstanbul, Marmara Bölgesi, 34779, Türkiye"
atasehir,atasehir,mimar sinan,30,9,40.9862374,29.159506,1.0,0.0,"Mimar Sinan Mahallesi, Ataşehir, İstanbul, Marmara Bölgesi, Türkiye"
atasehir,atasehir,yenisehir,31,16,40.9939446,29.140645,1.0,0.0,"Yenişehir Mahallesi, Ataşehir, İstanbul, Marmara Bölgesi, Türkiye"
atasehir,barbaros,merkez,32,69,40.9951827,29.1044146,1.0,0.0,"Batı Ataşehir Merkez Taksi, Mor Menekşe Sokağı, Batı Ataşehir, Barbaros Mahallesi, Ataşehir, İstanbul, Marmara Bölgesi, 34746, Türkiye"
atasehir,ferhatpasa,ferhatpasa,33,5,40.9766147,29.1752595,1.0,0.0,"Ferhatpaşa Yolu Caddesi, Büyükbakkalköy Mahallesi, Maltepe, İstanbul, Marmara Bölgesi, 34858, Türkiye"
atasehir,i̇cerenkoy,i̇cerenkoy,34,60,40.9789595,29.1262074,1.0,0.0,"İçerenköy, Kayışdağı Caddesi, Karakol Yolu, İçerenköy Mahallesi, Ataşehir, İstanbul, Marmara Bölgesi, 34752, Türkiye"
atasehir,kayisdagi,i̇nonu,35,82,40.9785435,29.1273909,1.0,0.0,"Bizim Çocuk Özel Eğitim ve Rehabilitasyon Merkezi, İnönü Mahallesi, Ulusu Caddesi, 19 Mayıs Caddesi, İnönü Mahallesi, Ataşehir, İstanbul, Marmara Bölgesi, 34755, Türkiye"
atasehir,kayisdagi,kayisdagi,36,95,40.9846866,29.1377413,1.0,0.0,"Kayışdağı, Dudullu Caddesi, Kayışdağı Mahallesi, Ataşehir, İstanbul, Marmara Bölgesi, 34755, Türkiye"
atasehir,kucukbakkalkoy,kucukbakkalkoy,37,40,40.9789726,29.1137234,1.0,0.0,"Küçükbakkalköy, Kayışdağı Caddesi, Bağlariçi, Küçükbakkalköy Mahallesi, Ataşehir, İstanbul, Marmara Bölgesi, 34750, Türkiye"
atasehir,namik kemal,mustafa kemal,38,4,40.9849843,29.1338417,2.0,0.0,"Namık Kemal Caddesi, Atatürk Mahallesi, Ataşehir, İstanbul, Marmara Bölgesi, 34758, Türkiye"
atasehir,ornek,esatpasa,39,32,40.9956672,29.0784307,2.0,0.0,"Örnek Mahallesi, Ataşehir, İstanbul, Marmara Bölgesi, 34704, Türkiye"
atasehir,ornek,fetih,40,6,40.9956672,29.0784307,2.0,0.0,"Örnek Mahallesi, Ataşehir, İstanbul, Marmara Bölgesi, 34704, Türkiye"
atasehir,ornek,ornek,41,45,40.9926322,29.0839497,1.0,0.0,"Örnek Parkı, Örnek Mahallesi, Ataşehir, İstanbul, Marmara Bölgesi, Türkiye"
atasehir,yeni camlica,yeni camlica,42,4,40.988064,29.166911,1.0,0.0,"Yeni Çamlıca, Dursunbey Caddesi, Yeni Çamlıca Mahallesi, Ataşehir, İstanbul, Marmara Bölgesi, 34779, Türkiye"
atasehir,yeni sahra,merkez,43,9,40.9899001,29.0901932,1.0,0.0,"Yenisahra Merkez Camii, Odabaşı Sokağı, Yenisahra Mahallesi, Ataşehir, İstanbul, Marmara Bölgesi, 34746, Türkiye"
avcilar,ambarli,ambarli,44,12,40.9743033,28.7143813,1.0,0.0,"Ambarlı, Fevzi Çakmak Caddesi, Ambarlı Mahallesi, Avcılar, İstanbul, Marmara Bölgesi, 34315, Türkiye"
avcilar,avcilar,cihangir,45,28,40.9873293,28.7097252,1.0,0.0,"Cihangir Mahallesi, Avcılar, İstanbul, Marmara Bölgesi, 34310, Türkiye"
avcilar,avcilar,denizkoskler,46,14,40.9764683,28.7330024,1.0,0.0,"Denizköşkler Mahallesi, Avcılar, İstanbul, Marmara Bölgesi, 34315, Türkiye"
avcilar,avcilar,merkez,47,24,40.9818362,28.7223189,1.0,0.0,"Merkez Mahallesi, Avcılar, İstanbul, Marmara Bölgesi, Türkiye"
avcilar,avcilar,mustafa kemal pasa,48,24,41.0017915,28.7060425,1.0,0.0,"Mustafa Kemal Paşa Mahallesi, Avcılar, İstanbul, Marmara Bölgesi, Türkiye"
avcilar,firuzkoy,firuzkoy,49,6,41.016428,28.70356,1.0,0.0,"Firuzköy, Destan Sokağı, Firuzköy Mahallesi, Avcılar, İstanbul, Marmara Bölgesi, 34325, Türkiye"
avcilar,firuzkoy,tahtakale,50,165,41.0085033,28.7100714,2.0,0.0,"Firuzköy Mahallesi, Avcılar, İstanbul, Marmara Bölgesi, 34325, Türkiye"
avcilar,gumuspala,gumuspala,51,12,40.9807848,28.7352667,1.0,0.0,"Gümüşpala İlkokulu, Gümüşpala Mahallesi, Avcılar, İstanbul, Marmara Bölgesi, Türkiye"
avcilar,gumuspala,universite,52,23,40.98106,28.7357032,2.0,0.0,"Gümüşpala Mahallesi, Avcılar, İstanbul, Marmara Bölgesi, Türkiye"
avcilar,yesilkent,yesilkent,53,27,41.0331409,28.7093766,1.0,0.0,"Yeşilkent Merkez Cami, Tevfik Fikret Caddesi, Yeşilkent Mahallesi, Avcılar, İstanbul, Marmara Bölgesi, 34325, Türkiye"
bagcilar,bagcilar,100. yil,54,7,41.0636561,28.8525699,1.0,0.0,"100. Yıl Mahallesi, Bağcılar, İstanbul, Marmara Bölgesi, Türkiye"
bagcilar,bagcilar,cinar,55,2,41.0368162,28.8605304,1.0,0.0,"Çınar Mahallesi, Bağcılar, İstanbul, Marmara Bölgesi, Türkiye"
bagcilar,bagcilar,fevzi cakmak,56,4,41.0457899,28.8556182,1.0,0.0,"Fevzi Çakmak Mahallesi, Bağcılar, İstanbul, Marmara Bölgesi, Türkiye"
bagcilar,bagcilar,goztepe,57,30,41.056831,28.8479795,1.0,0.0,"Göztepe, O-3, Fatih Mahallesi, Bağcılar, İstanbul, Marmara Bölgesi, 34218, Türkiye"
bagcilar,bagcilar,merkez,58,4,41.0323551,28.8633027,1.0,0.0,"Merkez Mahallesi, Bağcılar, İstanbul, Marmara Bölgesi, Türkiye"
bagcilar,bagcilar,sancaktepe,59,2,41.0366758,28.8571152,1.0,0.0,"Sancaktepe Mahallesi, Bağcılar, İstanbul, Marmara Bölgesi, Türkiye"
bagcilar,barbaros/yesilbag,barbaros,60,3,41.034547,28.8567558,3.0,1.0,"Bağcılar, İstanbul, Marmara Bölgesi, Türkiye"
bagcilar,barbaros/yesilbag,i̇nonu,61,3,41.034547,28.8567558,3.0,1.0,"Bağcılar, İstanbul, Marmara Bölgesi, Türkiye"
bagcilar,barbaros/yesilbag,kazim karabekir,62,4,41.034547,28.8567558,3.0,1.0,"Bağcılar, İstanbul, Marmara Bölgesi, Türkiye"
bagcilar,barbaros/yesilbag,yavuz selim,63,1,41.034547,28.8567558,3.0,1.0,"Bağcılar, İstanbul, Marmara Bölgesi, Türkiye"
bagcilar,barbaros/yesilbag,yildiztepe,64,2,41.034547,28.8567558,3.0,1.0,"Bağcılar, İstanbul, Marmara Bölgesi, Türkiye"
bagcilar,demirkapi,demirkapi,65,12,41.051991,28.839979,1.0,0.0,"Demirkapı Mahallesi, Velioğlu Caddesi, Demirkapı Mahallesi, Bağcılar, İstanbul, Marmara Bölgesi, 34218, Türkiye"
bagcilar,gunesli,15 temmuz,66,30,41.038533,28.821263,1.0,0.0,"15 Temmuz Mahallesi Muhtarlığı, Şehit Hidayet Yılmaz Sokağı, 15 Temmuz Mahallesi, Bağcılar, İstanbul, Marmara Bölgesi, 34212, Türkiye"
bagcilar,gunesli,gunesli,67,17,41.0436353,28.8249417,1.0,0.0,"Avrupa Konutları Güneşli-2 İnşaatı, Güneşli Mahallesi, Bağcılar, İstanbul, Marmara Bölgesi, 34212, Türkiye"
bagcilar,hurriyet,baglar,68,31,41.0265041,28.8291755,1.0,0.0,"Baglar berber, Atatürk Caddesi, Bağlar Mahallesi, Bağcılar, İstanbul, Marmara Bölgesi, 34212, Türkiye"
bagcilar,hurriyet,hurriyet,69,3,41.027907,28.829196,1.0,0.0,"Hürriyet Mahallesi, Atatürk Caddesi, Bağlar Mahallesi, Bağcılar, İstanbul, Marmara Bölgesi, 34212, Türkiye"
bagcilar,kemalpasa,fatih,70,1,41.0511389,28.8514469,2.0,0.0,"Kemalpaşa Mahallesi, Bağcılar, İstanbul, Marmara Bölgesi, Türkiye"
bagcilar,kemalpasa,kemalpasa,71,7,41.055385,28.850816,1.0,0.0,"Kemalpaşa Mahallesi, O-3 Güney Yanyolu, Kemalpaşa Mahallesi, Bağcılar, İstanbul, Marmara Bölgesi, 34218, Türkiye"
bagcilar,kirazli,kirazli,72,14,41.0318236,28.8422874,1.0,0.0,"Kirazlı, Mevlana Caddesi, Kirazlı Mahallesi, Bağcılar, İstanbul, Marmara Bölgesi, 34212, Türkiye"
bagcilar,kirazli,yenimahalle,73,18,41.0413498,28.8439055,1.0,0.0,"Yenimahalle, Ahmet Kabaklı Caddesi, Yenimahalle Mahallesi, Bağcılar, İstanbul, Marmara Bölgesi, 34212, Türkiye"
bagcilar,mahmutbey,merkez,74,34,41.0548789,28.8205125,1.0,0.0,"Mahmutbey Merkez Kıraathanes, Gazi Mustafa Kemal Caddesi, Mahmutbey Mahallesi, Bağcılar, İstanbul, Marmara Bölgesi, 34218, Türkiye"
bahcelievler,cobancesme,cobancesme,75,8,40.9997399,28.8226129,1.0,0.0,"Çobançeşme, Sanayi Caddesi, Yenibosna Merkez Mahallesi, Bahçelievler, İstanbul, Marmara Bölgesi, 34197, Türkiye"
bahcelievler,cumhuriyet,merkez,76,6,41.0168134,28.8581973,1.0,0.0,"Cumhuriyet Mahallesi Merkez Camii, Ballıca Sokağı, Cumhuriyet Mahallesi, Bahçelievler, İstanbul, Marmara Bölgesi, 34186, Türkiye"
bahcelievler,fevzi cakmak,fevzi cakmak,77,3,40.999316,28.834468,1.0,0.0,"Fevzi Çakmak Mahallesi, Yıldırım Beyazıd Caddesi, Zafer Mahallesi, Bahçelievler, İstanbul, Marmara Bölgesi, 34197, Türkiye"
bahcelievler,hurriyet,hurriyet,78,11,41.0005964,28.8405693,1.0,0.0,"Hürriyet Caddesi, Hürriyet Mahallesi, Bahçelievler, İstanbul, Marmara Bölgesi, 34188, Türkiye"
bahcelievler,kocasinan,kocasinan merkez,79,9,41.0184194,28.8420305,1.0,0.0,"Kocasinan Merkez Camii, Mahmutbey Caddesi, Kocasinan Merkez Mahallesi, Bahçelievler, İstanbul, Marmara Bölgesi, 34188, Türkiye"
bahcelievler,merkez,bahcelievler,80,46,41.0186755,28.8289865,1.0,0.0,"Garden Hill Bahçelievler, Yenibosna Merkez Mahallesi, Bahçelievler, İstanbul, Marmara Bölgesi, 34197, Türkiye"
bahcelievler,sirinevler,sirinevler,81,21,40.9917268,28.8468846,1.0,0.0,"Şirinevler, D-100, Şirinevler Mahallesi, Bahçelievler, İstanbul, Marmara Bölgesi, 34188, Türkiye"
bahcelievler,siyavuspasa,siyavuspasa,82,24,40.99851,28.857668,1.0,0.0,"Siyavuşpaşa, Adnan Kahveci Bulvarı, Yayla, Siyavuşpaşa Mahallesi, Bahçelievler, İstanbul, Marmara Bölgesi, 34180, Türkiye"
bahcelievler,soganli,soganli,83,18,41.014022,28.857484,1.0,0.0,"Soğanlı, Edirne Caddesi, Camlıkahve, Soğanlı Mahallesi, Bahçelievler, İstanbul, Marmara Bölgesi, 34183, Türkiye"
bahcelievler,yenibosna,yenibosna merkez,84,19,41.001857,28.834161,1.0,0.0,"Yenibosna Merkez Camii, Yıldırım Beyazıd Caddesi, Fevzi Çakmak Mahallesi, Bahçelievler, İstanbul, Marmara Bölgesi, 34197, Türkiye"
bahcelievler,zafer,merkez,85,14,41.0025239,28.8345438,1.0,0.0,"Yenibosna Merkez Camii, Vadi Sokağı, Zafer Mahallesi, Bahçelievler, İstanbul, Marmara Bölgesi, 34197, Türkiye"
bakirkoy,atakoy,atakoy 1. kisim,86,1,40.9741972,28.8496451,1.0,0.0,"Seapearl Ataköy, Ataköy, Ataköy 2-5-6. Kısım Mahallesi, Bakırköy, İstanbul, Marmara Bölgesi, Türkiye"
bakirkoy,atakoy,atakoy 2-5-6. kisim,87,7,40.9741972,28.8496451,1.0,0.0,"Seapearl Ataköy, Ataköy, Ataköy 2-5-6. Kısım Mahallesi, Bakırköy, İstanbul, Marmara Bölgesi, Türkiye"
bakirkoy,atakoy,atakoy 3-4-11. kisim,88,8,40.9802282,28.8562265,2.0,0.0,"Ataköy, Kilitbahir Sokağı, Ataköy 2-5-6. Kısım Mahallesi, Bakırköy, İstanbul, Marmara Bölgesi, 34158, Türkiye"
bakirkoy,atakoy,atakoy 7-8-9-10. kisim,89,34,40.9903731,28.834506,1.0,0.0,"Sip'in Coffee and Smoothie, 22, Bedri Rahmi Eyüboğlu Caddesi, Ataköy 7-8-9-10. Kısım Mahallesi, Bakırköy, İstanbul, Marmara Bölgesi, 34140, Türkiye"
bakirkoy,cevizlik,merkez,90,10,40.9785708,28.8754801,2.0,0.0,"Cevizlik Mahallesi, Bakırköy, İstanbul, Marmara Bölgesi, Türkiye"
bakirkoy,cevizlik,sakizagaci,91,10,40.9785708,28.8754801,2.0,0.0,"Cevizlik Mahallesi, Bakırköy, İstanbul, Marmara Bölgesi, Türkiye"
bakirkoy,cevizlik,yenimahalle,92,5,40.9785708,28.8754801,2.0,0.0,"Cevizlik Mahallesi, Bakırköy, İstanbul, Marmara Bölgesi, Türkiye"
bakirkoy,florya,basinkoy,93,1,40.972897,28.7876122,2.0,0.0,"Florya, Valilik Yolu Caddesi, Basınköy Mahallesi, Bakırköy, İstanbul, Marmara Bölgesi, 34153, Türkiye"
bakirkoy,florya,senlikkoy,94,26,40.981024,28.7938759,1.0,0.0,"Şenlikköy Polis Karakolu, Mektep Sokağı, Florya, Şenlikköy Mahallesi, Bakırköy, İstanbul, Marmara Bölgesi, 34153, Türkiye"
bakirkoy,kartaltepe,merkez,95,10,40.9852114,28.8759551,2.0,0.0,"Kartaltepe Mahallesi, Bakırköy, İstanbul, Marmara Bölgesi, 34145, Türkiye"
bakirkoy,kartaltepe,osmaniye,96,8,40.9852114,28.8759551,2.0,0.0,"Kartaltepe Mahallesi, Bakırköy, İstanbul, Marmara Bölgesi, 34145, Türkiye"
bakirkoy,yesilkoy,yesilkoy,97,20,40.9626544,28.824857,1.0,0.0,"Yeşilköy, Eski Havaalanı Caddesi, Yeşilköy Mahallesi, Bakırköy, İstanbul, Marmara Bölgesi, 34149, Türkiye"
bakirkoy,yesilkoy,yesilyurt,98,5,40.9635642,28.8349914,1.0,0.0,"Yeşilyurt İstasyon Caddesi, Yeşilyurt Mahallesi, Bakırköy, İstanbul, Marmara Bölgesi, 34149, Türkiye"
bakirkoy,zeytinlik,merkez,99,3,40.9991156,28.8744999,1.0,0.0,"M3 Bakırköy Sahil - Kayaşehir Merkez Metro Hattı, Sporcu Sokağı, Zeytinlik Mahallesi, Bakırköy, İstanbul, Marmara Bölgesi, 34140, Türkiye"
bakirkoy,zuhuratbaba,merkez,100,10,40.9824138,28.8711297,2.0,0.0,"Zuhuratbaba Mahallesi, Bakırköy, İstanbul, Marmara Bölgesi, 34147, Türkiye"
basaksehir,bahcesehir,bahcesehir 1. kisim,101,60,41.0622498,28.6896148,1.0,0.0,"Özel Bahçeşehir Sağlık Polikliniği, 1, Cenk Koray Caddesi, Akasya 03, Bahçeşehir, Bahçeşehir 1. Kısım Mahallesi, Başakşehir, İstanbul, Marmara Bölgesi, 34488, Türkiye"
basaksehir,bahcesehir,bahcesehir 2. kisim,102,131,41.0825866,28.6764676,1.0,0.0,"Aras real estate of Turkey, 8, 12. Cadde, Boğazköy, Bahçeşehir 2. Kısım Mahallesi, Başakşehir, İstanbul, Marmara Bölgesi, 34000, Türkiye"
basaksehir,basaksehir,basak,103,35,41.1034651,28.803761,1.0,0.0,"Başak Mahallesi, Başakşehir, İstanbul, Marmara Bölgesi, 34480, Türkiye"
basaksehir,basaksehir,basaksehir,104,62,41.1060988,28.7907747,1.0,0.0,"Başakşehir Mahallesi, Başakşehir, İstanbul, Marmara Bölgesi, 34480, Türkiye"
basaksehir,i̇kitelli,altinsehir,105,21,41.0711324,28.803895,2.0,0.0,"İkitelli Sanayi, Bedrettimn Dalan Bulvarı, İkitelli OSB Mahallesi, Başakşehir, İstanbul, Marmara Bölgesi, 34490, Türkiye"
basaksehir,i̇kitelli,guvercintepe,106,53,41.0711324,28.803895,2.0,0.0,"İkitelli Sanayi, Bedrettimn Dalan Bulvarı, İkitelli OSB Mahallesi, Başakşehir, İstanbul, Marmara Bölgesi, 34490, Türkiye"
basaksehir,i̇kitelli,i̇kitelli osb,107,1,41.0928922,28.7987071,1.0,0.0,"Trassir Turkey, 1/1/849, OSB Mavi Caddesi, İkitelli OSB Mahallesi, Başakşehir, İstanbul, Marmara Bölgesi, 34384, Türkiye"
basaksehir,i̇kitelli,kayabasi,108,122,41.0711324,28.803895,2.0,0.0,"İkitelli Sanayi, Bedrettimn Dalan Bulvarı, İkitelli OSB Mahallesi, Başakşehir, İstanbul, Marmara Bölgesi, 34490, Türkiye"
basaksehir,i̇kitelli,sahintepe,109,16,41.0711324,28.803895,2.0,0.0,"İkitelli Sanayi, Bedrettimn Dalan Bulvarı, İkitelli OSB Mahallesi, Başakşehir, İstanbul, Marmara Bölgesi, 34490, Türkiye"
basaksehir,i̇kitelli,ziya gokalp,110,55,41.0711324,28.803895,2.0,0.0,"İkitelli Sanayi, Bedrettimn Dalan Bulvarı, İkitelli OSB Mahallesi, Başakşehir, İstanbul, Marmara Bölgesi, 34490, Türkiye"
basaksehir,koyler,samlar,111,3,41.1075794,28.7950711,3.0,1.0,"Başakşehir, İstanbul, Marmara Bölgesi, Türkiye"
bayrampasa,altintepsi,altintepsi,112,10,41.0387966,28.9014711,1.0,0.0,"T.C. Altıntepsi Mahalle Muhtarlığı, Lozan Sokağı, Altıntepsi Mahallesi, Bayrampaşa, İstanbul, Marmara Bölgesi, 34035, Türkiye"
bayrampasa,altintepsi,terazidere,113,6,41.0388737,28.9015865,2.0,0.0,"Altıntepsi Mahallesi, Bayrampaşa, İstanbul, Marmara Bölgesi, 34035, Türkiye"
bayrampasa,altintepsi,vatan,114,5,41.0388737,28.9015865,2.0,0.0,"Altıntepsi Mahallesi, Bayrampaşa, İstanbul, Marmara Bölgesi, 34035, Türkiye"
bayrampasa,muratpasa,i̇smet pasa,115,8,41.0473011,28.9062926,2.0,0.0,"Muratpaşa Mahallesi, Bayrampaşa, İstanbul, Marmara Bölgesi, 34040, Türkiye"
bayrampasa,muratpasa,kartaltepe,116,12,41.0473011,28.9062926,2.0,0.0,"Muratpaşa Mahallesi, Bayrampaşa, İstanbul, Marmara Bölgesi, 34040, Türkiye"
bayrampasa,muratpasa,muratpasa,117,9,41.0467204,28.9082471,1.0,0.0,"İSPARK Bayrampaşa Muratpaşa Yeraltı Otoparkı, İlhan Sokağı, Bereç, Muratpaşa Mahallesi, Bayrampaşa, İstanbul, Marmara Bölgesi, 34040, Türkiye"
bayrampasa,numunebag,orta,118,8,41.0375352,28.9136532,2.0,0.0,"Numunebağ, Yenidoğan Mahallesi, Bayrampaşa, İstanbul, Marmara Bölgesi, 34030, Türkiye"
bayrampasa,numunebag,yenidogan,119,6,41.0375352,28.9136532,2.0,0.0,"Numunebağ, Yenidoğan Mahallesi, Bayrampaşa, İstanbul, Marmara Bölgesi, 34030, Türkiye"
bayrampasa,yildirim,cevatpasa,120,1,41.0637573,28.8914625,2.0,0.0,"Yıldırım Mahallesi, Bayrampaşa, İstanbul, Marmara Bölgesi, Türkiye"
bayrampasa,yildirim,kocatepe,121,7,41.0637573,28.8914625,2.0,0.0,"Yıldırım Mahallesi, Bayrampaşa, İstanbul, Marmara Bölgesi, Türkiye"
bayrampasa,yildirim,yildirim,122,8,41.0684267,28.888329,1.0,0.0,"Yıldırım Beyazıt Parkı, Yıldırım Mahallesi, Bayrampaşa, İstanbul, Marmara Bölgesi, Türkiye"
besiktas,abbasaga,abbasaga,123,19,41.0467657,29.0050743,1.0,0.0,"Abbasağa Kuyu Sokağı, Türkali Mahallesi, Beşiktaş, İstanbul, Marmara Bölgesi, 34357, Türkiye"
besiktas,abbasaga,cihannuma,124,18,41.0495742,29.0051707,2.0,0.0,"Abbasağa Mahallesi, Beşiktaş, İstanbul, Marmara Bölgesi, Türkiye"
besiktas,abbasaga,sinanpasa,125,13,41.0495742,29.0051707,2.0,0.0,"Abbasağa Mahallesi, Beşiktaş, İstanbul, Marmara Bölgesi, Türkiye"
besiktas,akatlar,akat,126,23,41.086865,29.0235417,2.0,0.0,"BJK Akatlar Arena, Gelincik Sokak, Karanfilköy, Akat Mahallesi, Beşiktaş, İstanbul, Marmara Bölgesi, 34335, Türkiye"
besiktas,arnavutkoy,arnavutkoy,127,13,41.0667815,29.0433754,1.0,0.0,"Arnavutköy, Bebek Arnavutköy Caddesi, Arnavutköy Mahallesi, Beşiktaş, İstanbul, Marmara Bölgesi, 34345, Türkiye"
besiktas,arnavutkoy,kurucesme,128,6,41.0645953,29.0410169,1.0,0.0,"Kuruçeşme Koleji İsbike İstasyonu, Bebek Arnavutköy Caddesi, Arnavutköy Mahallesi, Beşiktaş, İstanbul, Marmara Bölgesi, 34345, Türkiye"
besiktas,bebek,merkez,129,12,41.0790159,29.0439589,2.0,0.0,"Bebek Mahallesi, Beşiktaş, İstanbul, Marmara Bölgesi, 34342, Türkiye"
besiktas,etiler,merkez,130,36,41.0824567,29.0375989,2.0,0.0,"Etiler, Nisbetiye Caddesi, Etiler Mahallesi, Beşiktaş, İstanbul, Marmara Bölgesi, 34337, Türkiye"
besiktas,gayrettepe,balmumcu,131,3,41.059906,29.010659,1.0,0.0,"Balmumcu, Barbaros Bulvarı, Dikilitaş Mahallesi, Gayrettepe Mahallesi, Beşiktaş, İstanbul, Marmara Bölgesi, 34349, Türkiye"
besiktas,gayrettepe,dikilitas,132,45,41.0582262,29.0090991,1.0,0.0,"Dikilitaş, Dolmabahçe - Levazım Tüneli, Ulus, Gayrettepe Mahallesi, Ulus Mahallesi, Beşiktaş, İstanbul, Marmara Bölgesi, 34349, Türkiye"
besiktas,gayrettepe,merkez,133,33,41.0634366,29.0105114,1.0,0.0,"Smeg Türkiye Merkez Ofis, 52, Yıldız Posta Caddesi, Gayrettepe Mahallesi, Beşiktaş, İstanbul, Marmara Bölgesi, 34349, Türkiye"
besiktas,gayrettepe,yildiz,134,17,41.0653295,29.0088968,1.0,0.0,"Yıldız Posta Caddesi, Gayrettepe Mahallesi, Beşiktaş, İstanbul, Marmara Bölgesi, 34349, Türkiye"
besiktas,levazim,kultur,135,5,41.0627271,29.0196144,2.0,0.0,"Levazım Mahallesi, Beşiktaş, İstanbul, Marmara Bölgesi, Türkiye"
besiktas,levazim,levazim,136,13,41.0552421,29.0043262,1.0,0.0,"Dolmabahçe - Levazım Tüneli, Dikilitaş Mahallesi, Levazım Mahallesi, Ulus Mahallesi, Beşiktaş, İstanbul, Marmara Bölgesi, 34349, Türkiye"
besiktas,levazim,nisbetiye,137,22,41.0627271,29.0196144,2.0,0.0,"Levazım Mahallesi, Beşiktaş, İstanbul, Marmara Bölgesi, Türkiye"
besiktas,levazim,ulus,138,21,41.0599076,29.0258356,1.0,0.0,"Ulus Palmiye Sitesi, Ambarlıdere Yolu, Ulus, Ortaköy Mahallesi, Ulus Mahallesi, Beşiktaş, İstanbul, Marmara Bölgesi, 34340, Türkiye"
besiktas,levent,konaklar,139,9,41.0815723,29.0169502,2.0,0.0,"Levent Mahallesi, Beşiktaş, İstanbul, Marmara Bölgesi, Türkiye"
besiktas,levent,merkez,140,9,41.0755237,29.0159594,1.0,0.0,"İSKİ Avrupa Bölgesi Terfi Merkez Şubesi Müdürlüğü Levent Depo ve Terfi Merkezi, Karakol Sokağı, Levent Mahallesi, Beşiktaş, İstanbul, Marmara Bölgesi, 34330, Türkiye"
besiktas,ortakoy,mecidiye,141,40,41.0546272,29.0281901,2.0,0.0,"Ortaköy Mahallesi, Beşiktaş, İstanbul, Marmara Bölgesi, 34347, Türkiye"
besiktas,ortakoy,ortakoy,142,29,41.049536,29.029947,1.0,0.0,"Ortaköy, 15 Temmuz Şehitler Köprüsü, Ortaköy Mahallesi, Beşiktaş, İstanbul, Marmara Bölgesi, 34347, Türkiye"
besiktas,turkali,muradiye,143,26,41.047459,29.000023,1.0,0.0,"Muradiye, Nüzhetiye Caddesi, Muradiye Mahallesi, Türkali Mahallesi, Beşiktaş, İstanbul, Marmara Bölgesi, 34357, Türkiye"
besiktas,turkali,turkali,144,40,41.0480378,29.0023817,1.0,0.0,"Türkali Köprü Sokağı, Türkali Mahallesi, Beşiktaş, İstanbul, Marmara Bölgesi, 34357, Türkiye"
besiktas,turkali,visnezade,145,35,41.047674,29.0023049,2.0,0.0,"Türkali Mahallesi, Beşiktaş, İstanbul, Marmara Bölgesi, Türkiye"
beykoz,anadoluhisari,anadolu hisari,146,3,41.0820905,29.0670489,1.0,0.0,"Anadolu Hisarı, Körfez Caddesi, Anadolu Hisarı Mahallesi, Beykoz, İstanbul, Marmara Bölgesi, 34810, Türkiye"
beykoz,anadoluhisari,kanlica,147,4,41.0820905,29.0670489,2.0,0.0,"Anadolu Hisarı, Körfez Caddesi, Anadolu Hisarı Mahallesi, Beykoz, İstanbul, Marmara Bölgesi, 34810, Türkiye"
beykoz,anadoluhisari,kavacik,148,57,41.0908081,29.0884133,1.0,0.0,"Kavacık, 2. Çevre Yolu, Otağtepe, Kavacık Mahallesi, Beykoz, İstanbul, Marmara Bölgesi, 34810, Türkiye"
beykoz,beykoz,gumussuyu,149,8,41.1274751,29.1019054,1.0,0.0,"Gümüşsuyu Mahallesi, Beykoz, İstanbul, Marmara Bölgesi, 34820, Türkiye"
beykoz,beykoz,merkez,150,2,41.1344539,29.0926456,1.0,0.0,"Merkez Mahallesi, Beykoz, İstanbul, Marmara Bölgesi, Türkiye"
beykoz,beykoz,ortacesme,151,12,41.1454717,29.0873267,1.0,0.0,"Ortaçeşme Mahallesi, Beykoz, İstanbul, Marmara Bölgesi, Türkiye"
beykoz,beykoz,tokatkoy,152,9,41.1512733,29.0902937,1.0,0.0,"Tokatköy Mahallesi, Beykoz, İstanbul, Marmara Bölgesi, Türkiye"
beykoz,beykoz,yeni mahalle,153,11,41.0683149,29.0822276,1.0,0.0,"Yeni Mahalle Mahallesi, Beykoz, İstanbul, Marmara Bölgesi, Türkiye"
beykoz,cavusbasi,baklaci,154,1,41.0805835,29.1402268,2.0,0.0,"Çavuşbaşı Çiftlik Mahallesi, Beykoz, İstanbul, Marmara Bölgesi, 34830, Türkiye"
beykoz,cavusbasi,cavusbasi ciftlik,155,7,41.0764977,29.1359827,1.0,0.0,"Beykoz Çavuşbaşı Çiftlik Mahalle Parkı, Çavuşbaşı, Çavuşbaşı Çiftlik Mahallesi, Beykoz, İstanbul, Marmara Bölgesi, Türkiye"
beykoz,cavusbasi,cengeldere,156,1,41.0805835,29.1402268,2.0,0.0,"Çavuşbaşı Çiftlik Mahallesi, Beykoz, İstanbul, Marmara Bölgesi, 34830, Türkiye"
beykoz,cavusbasi,fatih,157,5,41.0805835,29.1402268,2.0,0.0,"Çavuşbaşı Çiftlik Mahallesi, Beykoz, İstanbul, Marmara Bölgesi, 34830, Türkiye"
beykoz,cavusbasi,yavuz selim,158,4,41.0805835,29.1402268,2.0,0.0,"Çavuşbaşı Çiftlik Mahallesi, Beykoz, İstanbul, Marmara Bölgesi, 34830, Türkiye"
beykoz,cubuklu,cubuklu,159,19,41.106783,29.084008,1.0,0.0,"Çubuklu, Şehit Ersin Güner Caddesi, Çubuklu Mahallesi, Beykoz, İstanbul, Marmara Bölgesi, 34805, Türkiye"
beykoz,cubuklu,ruzgarlibahce,160,4,41.1070356,29.0823348,2.0,0.0,"Çubuklu Mahallesi, Beykoz, İstanbul, Marmara Bölgesi, Türkiye"
beykoz,goksu,goksu,161,4,41.079174,29.074364,1.0,0.0,"Göksu, Göksu Caddesi, Göksu Mahallesi, Beykoz, İstanbul, Marmara Bölgesi, 34815, Türkiye"
beykoz,goksu,goztepe,162,10,41.0788847,29.0735518,2.0,0.0,"Göksu Mahallesi, Beykoz, İstanbul, Marmara Bölgesi, Türkiye"
beykoz,koyler,dereseki,163,2,41.1343001,29.0920378,3.0,1.0,"Beykoz, İstanbul, Marmara Bölgesi, Türkiye"
beykoz,koyler,elmali,164,1,41.1343001,29.0920378,3.0,1.0,"Beykoz, İstanbul, Marmara Bölgesi, Türkiye"
beykoz,koyler,ornekkoy,165,4,41.1343001,29.0920378,3.0,1.0,"Beykoz, İstanbul, Marmara Bölgesi, Türkiye"
beykoz,koyler,pasamandira,166,1,41.1343001,29.0920378,3.0,1.0,"Beykoz, İstanbul, Marmara Bölgesi, Türkiye"
beykoz,koyler,riva,167,1,41.1343001,29.0920378,3.0,1.0,"Beykoz, İstanbul, Marmara Bölgesi, Türkiye"
beykoz,pasabahce,acarlar,168,6,41.1158743,29.0954233,2.0,0.0,"Paşabahçe Mahallesi, Beykoz, İstanbul, Marmara Bölgesi, Türkiye"
beykoz,pasabahce,cigdem,169,9,41.1128654,29.0971924,1.0,0.0,"Çiğdem İlkokulu, Karagözsırtı Caddesi, Çiğdem Mahallesi, Beykoz, İstanbul, Marmara Bölgesi, 34800, Türkiye"
beykoz,pasabahce,i̇ncirkoy,170,7,41.1158743,29.0954233,2.0,0.0,"Paşabahçe Mahallesi, Beykoz, İstanbul, Marmara Bölgesi, Türkiye"
beykoz,pasabahce,pasabahce,171,7,41.115726,29.094976,1.0,0.0,"Paşabahçe, Barbaros Caddesi, Paşabahçe Mahallesi, Beykoz, İstanbul, Marmara Bölgesi, 34800, Türkiye"
beykoz,pasabahce,soguksu,172,15,41.1141764,29.1048163,1.0,0.0,"PTT Soğuksu Şubesi, Mehmet Akif Ersoy Caddesi, İncirköy Mahallesi, Beykoz, İstanbul, Marmara Bölgesi, 34800, Türkiye"
beykoz,tokatkoy,camlibahce,173,4,41.1512733,29.0902937,2.0,0.0,"Tokatköy Mahallesi, Beykoz, İstanbul, Marmara Bölgesi, Türkiye"
beykoz,tokatkoy,yalikoy,174,7,41.1512733,29.0902937,2.0,0.0,"Tokatköy Mahallesi, Beykoz, İstanbul, Marmara Bölgesi, Türkiye"
beylikduzu,gurpinar,adnan kahveci,175,85,40.9898645,28.6110486,2.0,0.0,"Gürpınar Mahallesi, Beylikdüzü, İstanbul, Marmara Bölgesi, 34528, Türkiye"
beylikduzu,gurpinar,dereagzi,176,15,40.976547,28.602989,1.0,0.0,"Dereağzı Mahallesi, Ömer Seyfettin Caddesi, Gürpınar Mahallesi, Beylikdüzü, İstanbul, Marmara Bölgesi, 34528, Türkiye"
beylikduzu,gurpinar,gurpinar,177,17,40.9921341,28.5972406,1.0,0.0,"Beylikdüzü Gürpınar Sahili Halk Plajı, Gürpınar Mahallesi, Beylikdüzü, İstanbul, Marmara Bölgesi, 34528, Türkiye"
beylikduzu,kavakli,baris,178,42,40.9819486,28.6403256,2.0,0.0,"Kavaklı Mahallesi, Beylikdüzü, İstanbul, Marmara Bölgesi, 34520, Türkiye"
beylikduzu,kavakli,buyuksehir,179,9,40.9819486,28.6403256,2.0,0.0,"Kavaklı Mahallesi, Beylikdüzü, İstanbul, Marmara Bölgesi, 34520, Türkiye"
beylikduzu,kavakli,cumhuriyet,180,39,40.9819486,28.6403256,2.0,0.0,"Kavaklı Mahallesi, Beylikdüzü, İstanbul, Marmara Bölgesi, 34520, Türkiye"
beylikduzu,kavakli,kavakli,181,95,40.9820357,28.6406715,1.0,0.0,"Kavaklı, Marmara Caddesi, Kavaklı Mahallesi, Beylikdüzü, İstanbul, Marmara Bölgesi, 34520, Türkiye"
beylikduzu,kavakli,sahil,182,25,40.9678597,28.6393402,1.0,0.0,"Sahil Yolu, Marmara Caddesi, Kavaklı Mahallesi, Beylikdüzü, İstanbul, Marmara Bölgesi, 34520, Türkiye"
beylikduzu,yakuplu,marmara,183,41,40.990113,28.6700436,2.0,0.0,"Yakuplu Mahallesi, Beylikdüzü, İstanbul, Marmara Bölgesi, 34524, Türkiye"
beylikduzu,yakuplu,merkez,184,54,40.990113,28.6700436,2.0,0.0,"Yakuplu Mahallesi, Beylikdüzü, İstanbul, Marmara Bölgesi, 34524, Türkiye"
beyoglu,arapcami,bereketzade,185,8,41.0284233,28.9736808,3.0,1.0,"Beyoğlu, İstanbul, Marmara Bölgesi, Türkiye"
beyoglu,arapcami,sahkulu,186,9,41.0284233,28.9736808,3.0,1.0,"Beyoğlu, İstanbul, Marmara Bölgesi, Türkiye"
beyoglu,cihangir,firuzaga,187,12,41.0330402,28.9853187,2.0,0.0,"Cihangir Mahallesi, Beyoğlu, İstanbul, Marmara Bölgesi, Türkiye"
beyoglu,cihangir,katip mustafa celebi,188,7,41.0330402,28.9853187,2.0,0.0,"Cihangir Mahallesi, Beyoğlu, İstanbul, Marmara Bölgesi, Türkiye"
beyoglu,cihangir,kilicali pasa,189,7,41.0330402,28.9853187,2.0,0.0,"Cihangir Mahallesi, Beyoğlu, İstanbul, Marmara Bölgesi, Türkiye"
beyoglu,cihangir,kuloglu,190,8,41.0330402,28.9853187,2.0,0.0,"Cihangir Mahallesi, Beyoğlu, İstanbul, Marmara Bölgesi, Türkiye"
beyoglu,cihangir,merkez,191,28,41.0330402,28.9853187,2.0,0.0,"Cihangir Mahallesi, Beyoğlu, İstanbul, Marmara Bölgesi, Türkiye"
beyoglu,cihangir,tomtom,192,11,41.0330402,28.9853187,2.0,0.0,"Cihangir Mahallesi, Beyoğlu, İstanbul, Marmara Bölgesi, Türkiye"
beyoglu,halicioglu,fetihtepe,193,14,41.0488286,28.9496751,2.0,0.0,"Halıcıoğlu, Halıcıoğlu Mahallesi, Beyoğlu, İstanbul, Marmara Bölgesi, 34445, Türkiye"
beyoglu,halicioglu,halicioglu,194,10,41.0455923,28.9439338,1.0,0.0,"Halıcıoğlu, Halıcıoğlu Kavşağı, Halıcıoğlu, Halıcıoğlu Mahallesi, Beyoğlu, İstanbul, Marmara Bölgesi, 34445, Türkiye"
beyoglu,halicioglu,kececi piri,195,5,41.0488286,28.9496751,2.0,0.0,"Halıcıoğlu, Halıcıoğlu Mahallesi, Beyoğlu, İstanbul, Marmara Bölgesi, 34445, Türkiye"
beyoglu,halicioglu,ornektepe,196,12,41.0488286,28.9496751,2.0,0.0,"Halıcıoğlu, Halıcıoğlu Mahallesi, Beyoğlu, İstanbul, Marmara Bölgesi, 34445, Türkiye"
beyoglu,halicioglu,piri pasa,197,11,41.0488286,28.9496751,2.0,0.0,"Halıcıoğlu, Halıcıoğlu Mahallesi, Beyoğlu, İstanbul, Marmara Bölgesi, 34445, Türkiye"
beyoglu,halicioglu,sutluce,198,11,41.0488286,28.9496751,2.0,0.0,"Halıcıoğlu, Halıcıoğlu Mahallesi, Beyoğlu, İstanbul, Marmara Bölgesi, 34445, Türkiye"
beyoglu,i̇stiklal,asmali mescit,199,2,41.0310866,28.9740165,1.0,0.0,"Mikla - Turkey fusion , 15, Meşrutiyet Caddesi, İstiklal, Asmalı Mescit, Asmalı Mescit Mahallesi, Beyoğlu, İstanbul, Marmara Bölgesi, 34430, Türkiye"
beyoglu,i̇stiklal,catma mescit,200,4,41.0416191,28.9692374,2.0,0.0,"İstiklal Mahallesi, Beyoğlu, İstanbul, Marmara Bölgesi, Türkiye"
beyoglu,kasimpasa,bedrettin,201,2,41.0350419,28.9650767,2.0,0.0,"Kasımpaşa, Kadı Mehmet Efendi, Kadı Mehmet Efendi Mahallesi, Beyoğlu, İstanbul, Marmara Bölgesi, 34440, Türkiye"
beyoglu,kasimpasa,camiikebir,202,3,41.0350419,28.9650767,2.0,0.0,"Kasımpaşa, Kadı Mehmet Efendi, Kadı Mehmet Efendi Mahallesi, Beyoğlu, İstanbul, Marmara Bölgesi, 34440, Türkiye"
beyoglu,kasimpasa,haciahmet,203,18,41.0350419,28.9650767,2.0,0.0,"Kasımpaşa, Kadı Mehmet Efendi, Kadı Mehmet Efendi Mahallesi, Beyoğlu, İstanbul, Marmara Bölgesi, 34440, Türkiye"
beyoglu,kasimpasa,i̇stiklal,204,7,41.0350419,28.9650767,2.0,0.0,"Kasımpaşa, Kadı Mehmet Efendi, Kadı Mehmet Efendi Mahallesi, Beyoğlu, İstanbul, Marmara Bölgesi, 34440, Türkiye"
beyoglu,kasimpasa,kadimehmet efendi,205,3,41.0350419,28.9650767,2.0,0.0,"Kasımpaşa, Kadı Mehmet Efendi, Kadı Mehmet Efendi Mahallesi, Beyoğlu, İstanbul, Marmara Bölgesi, 34440, Türkiye"
beyoglu,kasimpasa,kaptanpasa,206,10,41.0394792,28.9653002,1.0,0.0,"Kaptanpaşa unlu mamülleri, Kasımpaşa Zincirlikuyu Caddesi, Kaptanpaşa Mahallesi, Camiikebir Mahallesi, Beyoğlu, İstanbul, Marmara Bölgesi, 34440, Türkiye"
beyoglu,kasimpasa,kucuk piyale,207,6,41.0398402,28.9657533,1.0,0.0,"Kücük Piyale Cami, Kasımpaşa Zincirlikuyu Caddesi, Kaptanpaşa Mahallesi, Camiikebir Mahallesi, Beyoğlu, İstanbul, Marmara Bölgesi, 34440, Türkiye"
beyoglu,kasimpasa,kulaksiz,208,6,41.0360665,28.9647485,1.0,0.0,"Kulaksız Caddesi, Kasımpaşa, Kadı Mehmet Efendi, Kadı Mehmet Efendi Mahallesi, Beyoğlu, İstanbul, Marmara Bölgesi, 34440, Türkiye"
beyoglu,kasimpasa,piyalepasa,209,10,41.0424483,28.9662728,1.0,0.0,"Fırın Piyalepaşa, Kasımpaşa Zincirlikuyu Caddesi, Kaptanpaşa Mahallesi, Beyoğlu, İstanbul, Marmara Bölgesi, 34440, Türkiye"
beyoglu,kasimpasa,yahya kahya,210,1,41.0350419,28.9650767,2.0,0.0,"Kasımpaşa, Kadı Mehmet Efendi, Kadı Mehmet Efendi Mahallesi, Beyoğlu, İstanbul, Marmara Bölgesi, 34440, Türkiye"
beyoglu,kemankes,hacimimi,211,14,41.0240811,28.9789862,2.0,0.0,"Kemankeş Karamustafa Paşa Mahallesi, Beyoğlu, İstanbul, Marmara Bölgesi, Türkiye"
beyoglu,kemankes,kemankes karamustafa pasa,212,2,41.0240206,28.9785963,1.0,0.0,"Kemankeş Karamustafa Paşa, Kemankeş Karamustafa Paşa Mahallesi, Beyoğlu, İstanbul, Marmara Bölgesi, 34425, Türkiye"
beyoglu,kemankes,mueyyetzade,213,3,41.0240811,28.9789862,2.0,0.0,"Kemankeş Karamustafa Paşa Mahallesi, Beyoğlu, İstanbul, Marmara Bölgesi, Türkiye"
beyoglu,purtelas,omer avni,214,13,41.0306987,28.9876883,2.0,0.0,"Pürtelaş Hasan Efendi Mahallesi, Beyoğlu, İstanbul, Marmara Bölgesi, Türkiye"
beyoglu,purtelas,purtelas hasan efendi,215,12,41.030743,28.9877541,1.0,0.0,"Pürtelaş Hasan Efendi, Pürtelaş Hasan Efendi Mahallesi, Beyoğlu, İstanbul, Marmara Bölgesi, 34427, Türkiye"
beyoglu,taksim,gumussuyu,216,14,41.0381896,28.9915687,1.0,0.0,"İTÜ Gümüşsuyu Yerleşkesi, Dolmabahçe Gazhane Caddesi, Taksim, Gümüşsuyu, Gümüşsuyu Mahallesi, Beyoğlu, İstanbul, Marmara Bölgesi, 34437, Türkiye"
beyoglu,taksim,kocatepe,217,5,41.0380506,28.985549,2.0,0.0,"Taksim, Taksim Meydanı, Taksim, Gümüşsuyu, Gümüşsuyu Mahallesi, Beyoğlu, İstanbul, Marmara Bölgesi, 34437, Türkiye"
beyoglu,tarlabasi,bostan,218,3,41.0366163,28.9806984,2.0,0.0,"Tarlabaşı, Tarlabaşı Bulvarı, Şehit Muhtar, Şehit Muhtar Mahallesi, Beyoğlu, İstanbul, Marmara Bölgesi, 34435, Türkiye"
beyoglu,tarlabasi,bulbul,219,4,41.040424,28.97883,1.0,0.0,"Bülbül Mahallesi, Irmak Caddesi, Tarlabaşı, Bülbül, Bülbül Mahallesi, Beyoğlu, İstanbul, Marmara Bölgesi, 34435, Türkiye"
beyoglu,tarlabasi,cukur,220,2,41.0366163,28.9806984,2.0,0.0,"Tarlabaşı, Tarlabaşı Bulvarı, Şehit Muhtar, Şehit Muhtar Mahallesi, Beyoğlu, İstanbul, Marmara Bölgesi, 34435, Türkiye"
beyoglu,tarlabasi,huseyinaga,221,2,41.0366163,28.9806984,2.0,0.0,"Tarlabaşı, Tarlabaşı Bulvarı, Şehit Muhtar, Şehit Muhtar Mahallesi, Beyoğlu, İstanbul, Marmara Bölgesi, 34435, Türkiye"
beyoglu,tarlabasi,kalyoncu kullugu,222,9,41.0366163,28.9806984,2.0,0.0,"Tarlabaşı, Tarlabaşı Bulvarı, Şehit Muhtar, Şehit Muhtar Mahallesi, Beyoğlu, İstanbul, Marmara Bölgesi, 34435, Türkiye"
beyoglu,tarlabasi,kamer hatun,223,3,41.0366163,28.9806984,2.0,0.0,"Tarlabaşı, Tarlabaşı Bulvarı, Şehit Muhtar, Şehit Muhtar Mahallesi, Beyoğlu, İstanbul, Marmara Bölgesi, 34435, Türkiye"
beyoglu,tarlabasi,sehit muhtar,224,8,41.0366163,28.9806984,2.0,0.0,"Tarlabaşı, Tarlabaşı Bulvarı, Şehit Muhtar, Şehit Muhtar Mahallesi, Beyoğlu, İstanbul, Marmara Bölgesi, 34435, Türkiye"
beyoglu,tarlabasi,sururi mehmet efendi,225,6,41.0366163,28.9806984,2.0,0.0,"Tarlabaşı, Tarlabaşı Bulvarı, Şehit Muhtar, Şehit Muhtar Mahallesi, Beyoğlu, İstanbul, Marmara Bölgesi, 34435, Türkiye"
beyoglu,yenisehir,yenisehir,226,13,41.0422931,28.9781545,2.0,0.0,"Yenişehir Mahallesi, Beyoğlu, İstanbul, Marmara Bölgesi, Türkiye"
buyukcekmece,buyukcekmece,19 mayis,227,2,41.0224834,28.5818267,1.0,0.0,"19 Mayıs Mahallesi, Büyükçekmece, İstanbul, Marmara Bölgesi, Türkiye"
buyukcekmece,buyukcekmece,alkent 2000,228,9,41.0771599,28.6194181,1.0,0.0,"Alkent 2000 Mahallesi, Büyükçekmece, İstanbul, Marmara Bölgesi, 34500, Türkiye"
buyukcekmece,buyukcekmece,ataturk,229,15,41.0122636,28.6004016,1.0,0.0,"Atatürk Mahallesi, Büyükçekmece, İstanbul, Marmara Bölgesi, Türkiye"
buyukcekmece,buyukcekmece,cakmakli,230,7,41.0533184,28.6231063,1.0,0.0,"Çakmaklı Mahallesi, Büyükçekmece, İstanbul, Marmara Bölgesi, Türkiye"
buyukcekmece,buyukcekmece,cumhuriyet,231,17,41.0182947,28.6199899,1.0,0.0,"Cumhuriyet Mahallesi, Büyükçekmece, İstanbul, Marmara Bölgesi, Türkiye"
buyukcekmece,buyukcekmece,dizdariye,232,3,41.0206023,28.5784482,1.0,0.0,"Dizdariye Mahallesi, Büyükçekmece, İstanbul, Marmara Bölgesi, Türkiye"
buyukcekmece,buyukcekmece,fatih,233,6,41.0208293,28.586099,1.0,0.0,"Fatih Mahallesi, Büyükçekmece, İstanbul, Marmara Bölgesi, Türkiye"
buyukcekmece,buyukcekmece,pinartepe,234,33,41.003226,28.6018529,1.0,0.0,"Pınartepe Mahallesi, Büyükçekmece, İstanbul, Marmara Bölgesi, Türkiye"
buyukcekmece,buyukcekmece,yenimahalle,235,2,41.0248506,28.5729016,2.0,0.0,"Büyükçekmece Barajı, Dizdariye Mahallesi, Büyükçekmece, İstanbul, Marmara Bölgesi, 34500, Türkiye"
buyukcekmece,celaliye(kamiloba),celaliye,236,12,41.021654,28.579757,3.0,1.0,"Büyükçekmece, İstanbul, Marmara Bölgesi, Türkiye"
buyukcekmece,celaliye(kamiloba),kamiloba,237,14,41.021654,28.579757,3.0,1.0,"Büyükçekmece, İstanbul, Marmara Bölgesi, Türkiye"
buyukcekmece,kumburgaz,bahcelievler,238,9,41.009845,28.502267,1.0,0.0,"Bahçelievler Mahallesi, D-100, Tepecik, Güzelce Mahallesi, Büyükçekmece, İstanbul, Marmara Bölgesi, 34530, Türkiye"
buyukcekmece,kumburgaz,guzelce,239,7,41.00749,28.516557,1.0,0.0,"Güzelce(E-5), D-100, Tepecik, Güzelce Mahallesi, Büyükçekmece, İstanbul, Marmara Bölgesi, 34530, Türkiye"
buyukcekmece,kumburgaz,kumburgaz,240,14,41.021654,28.579757,3.0,1.0,"Büyükçekmece, İstanbul, Marmara Bölgesi, Türkiye"
buyukcekmece,merkez,mimaroba,241,20,41.0114527,28.544221,1.0,0.0,"New Drita Mimaroba 1. Blok, 37/A, Hürriyet Caddesi, Tepecik, Ekinoba Mahallesi, Büyükçekmece, İstanbul, Marmara Bölgesi, 34535, Türkiye"
buyukcekmece,merkez,sinanoba,242,14,41.0144383,28.5460094,1.0,0.0,"Sharz - Sinanoba, D-100, Tepecik, Mimarsinan Mahallesi, Büyükçekmece, İstanbul, Marmara Bölgesi, 34535, Türkiye"
buyukcekmece,mimarsinan,ekinoba,243,18,41.0121703,28.5360414,1.0,0.0,"Ekinoba, D-100, Tepecik, Murat Çesme Mahallesi, Büyükçekmece, İstanbul, Marmara Bölgesi, 34535, Türkiye"
buyukcekmece,mimarsinan,mimar sinan merkez,244,14,41.016004,28.5606145,1.0,0.0,"Mimar Sinan Merkez Camil, Çınar Sokak, Tepecik, Mimarsinan Mahallesi, Büyükçekmece, İstanbul, Marmara Bölgesi, 34535, Türkiye"
buyukcekmece,mimarsinan,murat cesme,245,5,41.0167597,28.5528008,1.0,0.0,"Sultan Murat Caddesi, Tepecik, Mimarsinan Mahallesi, Büyükçekmece, İstanbul, Marmara Bölgesi, 34535, Türkiye"
buyukcekmece,tepecik,hurriyet,246,11,41.0138296,28.5486979,1.0,0.0,"Hürriyet Caddesi, Tepecik, Mimarsinan Mahallesi, Büyükçekmece, İstanbul, Marmara Bölgesi, 34535, Türkiye"
buyukcekmece,tepecik,turkoba,247,4,41.0341204,28.5060277,1.0,0.0,"Türkoba Caddesi, Tepekent, Türkoba Mahallesi, Büyükçekmece, İstanbul, Marmara Bölgesi, 34537, Türkiye"
buyukcekmece,tepecik,ulus,248,5,41.0038573,28.5404017,1.0,0.0,"Ulus Sokağı, Tepecik, Batıköy, Mimaroba Mahallesi, Büyükçekmece, İstanbul, Marmara Bölgesi, 34535, Türkiye"
catalca,catalca,ferhatpasa,249,10,,,,,
catalca,catalca,i̇zzettin,250,1,41.1767042,28.5039242,1.0,0.0,"İzzettin Mahallesi, Çatalca, İstanbul, Marmara Bölgesi, Türkiye"
catalca,merkez,nakkas,251,1,,,,,
cekmekoy,alemdag(alemdar),alemdag,252,18,41.0351579,29.1739149,3.0,1.0,"Çekmeköy, İstanbul, Marmara Bölgesi, Türkiye"
cekmekoy,alemdag(alemdar),catalmese,253,30,41.0351579,29.1739149,3.0,1.0,"Çekmeköy, İstanbul, Marmara Bölgesi, Türkiye"
cekmekoy,alemdag(alemdar),eksioglu,254,16,41.0351579,29.1739149,3.0,1.0,"Çekmeköy, İstanbul, Marmara Bölgesi, Türkiye"
cekmekoy,alemdag(alemdar),nisantepe,255,36,41.0351579,29.1739149,3.0,1.0,"Çekmeköy, İstanbul, Marmara Bölgesi, Türkiye"
cekmekoy,cekmekoy,camlik,256,21,41.0172216,29.193114,1.0,0.0,"Çamlık Mahallesi, Çekmeköy, İstanbul, Marmara Bölgesi, Türkiye"
cekmekoy,cekmekoy,hamidiye,257,34,41.0268635,29.1885101,1.0,0.0,"Hamidiye Mahallesi, Çekmeköy, İstanbul, Marmara Bölgesi, Türkiye"
cekmekoy,cekmekoy,mehmet akif,258,47,41.0208246,29.1858308,1.0,0.0,"Mehmet Akif Mahallesi, Çekmeköy, İstanbul, Marmara Bölgesi, Türkiye"
cekmekoy,cekmekoy,merkez,259,60,41.0369088,29.1771094,1.0,0.0,"Merkez Mahallesi, Çekmeköy, İstanbul, Marmara Bölgesi, 34782, Türkiye"
cekmekoy,cekmekoy,mimar sinan,260,35,41.032758,29.1750966,1.0,0.0,"Mimar Sinan Mahallesi, Çekmeköy, İstanbul, Marmara Bölgesi, 34782, Türkiye"
cekmekoy,koyler,resadiye,261,1,41.0351579,29.1739149,3.0,1.0,"Çekmeköy, İstanbul, Marmara Bölgesi, Türkiye"
cekmekoy,tasdelen,aydinlar,262,23,41.031185,29.2311306,2.0,0.0,"Taşdelen Mahallesi, Çekmeköy, İstanbul, Marmara Bölgesi, Türkiye"
cekmekoy,tasdelen,cumhuriyet,263,35,41.031185,29.2311306,2.0,0.0,"Taşdelen Mahallesi, Çekmeköy, İstanbul, Marmara Bölgesi, Türkiye"
cekmekoy,tasdelen,gungoren,264,100,41.031185,29.2311306,2.0,0.0,"Taşdelen Mahallesi, Çekmeköy, İstanbul, Marmara Bölgesi, Türkiye"
cekmekoy,tasdelen,kirazlidere,265,19,41.031185,29.2311306,2.0,0.0,"Taşdelen Mahallesi, Çekmeköy, İstanbul, Marmara Bölgesi, Türkiye"
cekmekoy,tasdelen,sogukpinar,266,22,41.031185,29.2311306,2.0,0.0,"Taşdelen Mahallesi, Çekmeköy, İstanbul, Marmara Bölgesi, Türkiye"
cekmekoy,tasdelen,sultanciftligi,267,33,41.031185,29.2311306,2.0,0.0,"Taşdelen Mahallesi, Çekmeköy, İstanbul, Marmara Bölgesi, Türkiye"
cekmekoy,tasdelen,tasdelen,268,32,41.031461,29.227749,1.0,0.0,"Taşdelen, Turgut Özal Caddesi, Taşdelen Mahallesi, Çekmeköy, İstanbul, Marmara Bölgesi, 34788, Türkiye"
esenler,birlik,atisalani,269,10,41.0491553,28.8764248,1.0,0.0,"Atışalanı Caddesi, Birlik Mahallesi, Esenler, İstanbul, Marmara Bölgesi, 34230, Türkiye"
esenler,birlik,merkez,270,5,41.0542836,28.8732278,1.0,0.0,"Atışalanı Merkez Cami, Köyiçi Caddesi, Atışalanı Mahallesi, Esenler, İstanbul, Marmara Bölgesi, 34230, Türkiye"
esenler,esenler,cifte havuzlar,271,2,41.0267887,28.8954257,1.0,0.0,"Çifte Havuzlar Mahallesi, Esenler, İstanbul, Marmara Bölgesi, Türkiye"
esenler,esenler,fevzi cakmak,272,5,41.0387523,28.883188,1.0,0.0,"Fevzi Çakmak Mahallesi, Esenler, İstanbul, Marmara Bölgesi, Türkiye"
esenler,esenler,kemer,273,6,41.0526257,28.876571,1.0,0.0,"Kemer Mahallesi, Esenler, İstanbul, Marmara Bölgesi, Türkiye"
esenler,esenler,menderes,274,4,41.0427411,28.8784952,1.0,0.0,"Menderes, 373. Sokak, Menderes Mahallesi, Esenler, İstanbul, Marmara Bölgesi, 34225, Türkiye"
esenler,esenler,mimar sinan,275,3,41.0358974,28.8848756,1.0,0.0,"Mimar Sinan Mahallesi, Esenler, İstanbul, Marmara Bölgesi, 34220, Türkiye"
esenler,esenler,namik kemal,276,5,41.0311027,28.8955728,1.0,0.0,"Namık Kemal Mahallesi, Esenler, İstanbul, Marmara Bölgesi, Türkiye"
esenler,esenler,nine hatun,277,6,41.0370239,28.8802419,1.0,0.0,"Nine Hatun Mahallesi, Esenler, İstanbul, Marmara Bölgesi, Türkiye"
esenler,karabayir,fatih,278,6,41.0385137,28.8721288,1.0,0.0,"Fatih Caddesi, Karabayır, Fatih Mahallesi, Esenler, İstanbul, Marmara Bölgesi, 34225, Türkiye"
esenler,karabayir,kazim karabekir,279,6,41.0437401,28.8689526,2.0,0.0,"Karabayır, Fatih Mahallesi, Esenler, İstanbul, Marmara Bölgesi, 34225, Türkiye"
esenler,karabayir,tuna,280,3,41.0462212,28.8662549,1.0,0.0,"Tuna Mesleki ve Teknik Anadolu Lisesi, Çinçindere Caddesi, Karabayır, Tuna Mahallesi, Esenler, İstanbul, Marmara Bölgesi, 34225, Türkiye"
esenler,sanayi,15 temmuz,281,1,40.8923274,29.2653951,2.0,0.0,"Remik Kimya Sanayi ve Ticaret A.Ş, Esenler Mahallesi, Pendik, İstanbul, Marmara Bölgesi, Türkiye"
esenler,sanayi,orucreis,282,6,40.8923274,29.2653951,2.0,0.0,"Remik Kimya Sanayi ve Ticaret A.Ş, Esenler Mahallesi, Pendik, İstanbul, Marmara Bölgesi, Türkiye"
esenler,sanayi,turgut reis,283,9,40.8923274,29.2653951,2.0,0.0,"Remik Kimya Sanayi ve Ticaret A.Ş, Esenler Mahallesi, Pendik, İstanbul, Marmara Bölgesi, Türkiye"
esenyurt,esenyurt,akcaburgaz,284,13,41.0733127,28.6334269,1.0,0.0,"Akçaburgaz Mahallesi, Esenyurt, İstanbul, Marmara Bölgesi, Türkiye"
esenyurt,esenyurt,akevler,285,37,41.0191199,28.67678,1.0,0.0,"Akevler Mahallesi 7 sokak, Esenyurt, İstanbul, Marmara Bölgesi, Türkiye"
esenyurt,esenyurt,aksemseddin,286,1,41.0172962,28.6944236,1.0,0.0,"Akşemseddin Mahallesi, Esenyurt, İstanbul, Marmara Bölgesi, 34510, Türkiye"
esenyurt,esenyurt,ardicli,287,35,41.0461686,28.6798101,1.0,0.0,"Ardıçlı Mahallesi, Esenyurt, İstanbul, Marmara Bölgesi, Türkiye"
esenyurt,esenyurt,asik veysel,288,17,41.0585357,28.6738904,1.0,0.0,"Aşık Veysel Mahallesi, Esenyurt, İstanbul, Marmara Bölgesi, Türkiye"
esenyurt,esenyurt,ataturk,289,4,41.037115,28.636196,1.0,0.0,"Atatürk Mahallesi, Esenyurt, İstanbul, Marmara Bölgesi, Türkiye"
esenyurt,esenyurt,balikyolu,290,11,41.0396612,28.6904284,1.0,0.0,"Balıkyolu Mahallesi, Esenyurt, İstanbul, Marmara Bölgesi, Türkiye"
esenyurt,esenyurt,barbaros hayrettin pasa,291,72,41.0182515,28.6414475,1.0,0.0,"Barbaros Hayrettin Paşa Mahallesi, Esenyurt, İstanbul, Marmara Bölgesi, Türkiye"
esenyurt,esenyurt,battalgazi,292,8,41.0394344,28.6562357,1.0,0.0,"Battalgazi Mahallesi, Esenyurt, İstanbul, Marmara Bölgesi, Türkiye"
esenyurt,esenyurt,cinar,293,17,41.0411611,28.6642095,1.0,0.0,"Çınar Mahallesi, Esenyurt, İstanbul, Marmara Bölgesi, Türkiye"
esenyurt,esenyurt,cumhuriyet,294,29,41.0169451,28.6489243,1.0,0.0,"Cumhuriyet Mahallesi, Esenyurt, İstanbul, Marmara Bölgesi, Türkiye"
esenyurt,esenyurt,esenkent,295,12,41.0593586,28.6809268,1.0,0.0,"Esenkent Mahallesi, Esenyurt, İstanbul, Marmara Bölgesi, Türkiye"
esenyurt,esenyurt,fatih,296,10,41.0298974,28.6746475,1.0,0.0,"Fatih Mahallesi, Esenyurt, İstanbul, Marmara Bölgesi, Türkiye"
esenyurt,esenyurt,gokevler,297,45,41.0252638,28.6335726,1.0,0.0,"Gökevler Mahallesi, Esenyurt, İstanbul, Marmara Bölgesi, Türkiye"
esenyurt,esenyurt,hurriyet,298,10,41.031599,28.6466704,1.0,0.0,"Hürriyet Mahallesi, Esenyurt, İstanbul, Marmara Bölgesi, Türkiye"
esenyurt,esenyurt,i̇ncirtepe,299,22,41.0206769,28.6909976,1.0,0.0,"İncirtepe Mahallesi, Esenyurt, İstanbul, Marmara Bölgesi, Türkiye"
esenyurt,esenyurt,i̇nonu,300,8,41.0270909,28.6866366,1.0,0.0,"İnönü Mahallesi, Esenyurt, İstanbul, Marmara Bölgesi, Türkiye"
esenyurt,esenyurt,koza,301,91,41.0645603,28.6652589,1.0,0.0,"Koza Mahallesi, Esenyurt, İstanbul, Marmara Bölgesi, Türkiye"
esenyurt,esenyurt,mehmet akif ersoy,302,18,41.0138079,28.6667966,1.0,0.0,"Mehmet Akif Ersoy Mahallesi, Esenyurt, İstanbul, Marmara Bölgesi, Türkiye"
esenyurt,esenyurt,mehtercesme,303,23,41.0185614,28.6628747,1.0,0.0,"Mehterçeşme Mahallesi, Esenyurt, İstanbul, Marmara Bölgesi, 34515, Türkiye"
esenyurt,esenyurt,merkez,304,17,41.0350405,28.6760001,1.0,0.0,"Merkez Mahallesi, Esenyurt, İstanbul, Marmara Bölgesi, Türkiye"
esenyurt,esenyurt,mevlana,305,8,41.0124992,28.6567189,1.0,0.0,"Mevlana Mahallesi, Esenyurt, İstanbul, Marmara Bölgesi, Türkiye"
esenyurt,esenyurt,namik kemal,306,8,41.0101007,28.6938039,1.0,0.0,"Namık Kemal Mahallesi, Esenyurt, İstanbul, Marmara Bölgesi, Türkiye"
esenyurt,esenyurt,necip fazil kisakurek,307,11,41.0309904,28.6527815,1.0,0.0,"Necip Fazıl Kısakürek Mahallesi, Esenyurt, İstanbul, Marmara Bölgesi, Türkiye"
esenyurt,esenyurt,orhan gazi,308,36,41.0709914,28.6542125,1.0,0.0,"Orhan Gazi Mahallesi, Esenyurt, İstanbul, Marmara Bölgesi, 34538, Türkiye"
esenyurt,esenyurt,ornek,309,7,41.0447965,28.6703501,1.0,0.0,"Örnek Mahallesi, Esenyurt, İstanbul, Marmara Bölgesi, Türkiye"
esenyurt,esenyurt,osmangazi,310,5,41.0415514,28.6458279,1.0,0.0,"Osmangazi Mahallesi, Esenyurt, İstanbul, Marmara Bölgesi, 34522, Türkiye"
esenyurt,esenyurt,pinar,311,29,41.0335095,28.6655807,1.0,0.0,"Pınar Mahallesi, Esenyurt, İstanbul, Marmara Bölgesi, Türkiye"
esenyurt,esenyurt,piri reis,312,48,41.0199712,28.6480848,1.0,0.0,"Piri Reis Mahallesi, Esenyurt, İstanbul, Marmara Bölgesi, Türkiye"
esenyurt,esenyurt,saadetdere,313,7,41.0081748,28.6976834,1.0,0.0,"Saadetdere Mahallesi, Esenyurt, İstanbul, Marmara Bölgesi, Türkiye"
esenyurt,esenyurt,sehitler,314,3,41.0332974,28.6550502,1.0,0.0,"Şehitler Mahallesi, Esenyurt, İstanbul, Marmara Bölgesi, Türkiye"
esenyurt,esenyurt,selahaddin eyyubi,315,19,41.044908,28.6622124,1.0,0.0,"Selahaddin Eyyubi Mahallesi, Esenyurt, İstanbul, Marmara Bölgesi, 34517, Türkiye"
esenyurt,esenyurt,suleymaniye,316,7,41.0439199,28.6810152,1.0,0.0,"Süleymaniye Mahallesi, Esenyurt, İstanbul, Marmara Bölgesi, Türkiye"
esenyurt,esenyurt,sultaniye,317,27,41.03369,28.6827178,1.0,0.0,"Sultaniye Mahallesi, Esenyurt, İstanbul, Marmara Bölgesi, Türkiye"
esenyurt,esenyurt,talatpasa,318,16,41.0229955,28.6721151,1.0,0.0,"Talatpaşa Mahallesi, Esenyurt, İstanbul, Marmara Bölgesi, Türkiye"
esenyurt,esenyurt,turgut ozal,319,16,41.0046495,28.6938819,1.0,0.0,"Turgut Özal Mahallesi, Esenyurt, İstanbul, Marmara Bölgesi, Türkiye"
esenyurt,esenyurt,ucevler,320,20,41.0266491,28.6801351,1.0,0.0,"Üçevler Mahallesi, Esenyurt, İstanbul, Marmara Bölgesi, Türkiye"
esenyurt,esenyurt,yenikent,321,14,41.0368086,28.6808544,1.0,0.0,"Yenikent Mahallesi, Esenyurt, İstanbul, Marmara Bölgesi, 34510, Türkiye"
esenyurt,esenyurt,yesilkent,322,68,41.0265322,28.6637265,1.0,0.0,"Yeşilkent Mahallesi, Esenyurt, İstanbul, Marmara Bölgesi, Türkiye"
esenyurt,esenyurt,yunus emre,323,16,41.0285572,28.693938,1.0,0.0,"Yunus Emre Mahallesi, Esenyurt, İstanbul, Marmara Bölgesi, Türkiye"
esenyurt,esenyurt,zafer,324,80,41.0176797,28.6855692,1.0,0.0,"Zafer Mahallesi, Esenyurt, İstanbul, Marmara Bölgesi, 34513, Türkiye"
esenyurt,haramidere,guzelyurt,325,30,41.006514,28.6676766,1.0,0.0,"Opet Esenyurt Güzelyurt, 19, Haramidere Caddesi, Yakuplu Mahallesi, Beylikdüzü, İstanbul, Marmara Bölgesi, 34515, Türkiye"
esenyurt,kirac,i̇stiklal,326,5,41.0385321,28.6493274,1.0,0.0,"İstiklal Sokağı, Kıraç, İstiklal Mahallesi, Esenyurt, İstanbul, Marmara Bölgesi, 34522, Türkiye"
eyupsultan,alibeykoy,5. levent,327,49,41.0791413,28.949577,2.0,0.0,"Alibeyköy, 1. Çayır Sokağı, Alibeyköy Mahallesi, Eyüpsultan, İstanbul, Marmara Bölgesi, 34060, Türkiye"
eyupsultan,alibeykoy,alibeykoy,328,16,41.0791413,28.949577,1.0,0.0,"Alibeyköy, 1. Çayır Sokağı, Alibeyköy Mahallesi, Eyüpsultan, İstanbul, Marmara Bölgesi, 34060, Türkiye"
eyupsultan,alibeykoy,emniyettepe,329,20,41.0791413,28.949577,2.0,0.0,"Alibeyköy, 1. Çayır Sokağı, Alibeyköy Mahallesi, Eyüpsultan, İstanbul, Marmara Bölgesi, 34060, Türkiye"
eyupsultan,alibeykoy,guzeltepe,330,29,41.0791413,28.949577,2.0,0.0,"Alibeyköy, 1. Çayır Sokağı, Alibeyköy Mahallesi, Eyüpsultan, İstanbul, Marmara Bölgesi, 34060, Türkiye"
eyupsultan,circir,aksemsettin,331,19,41.0801289,28.9363025,2.0,0.0,"Çırçır, Mustafa Kemal Bulvarı, Çırçır Mahallesi, Eyüpsultan, İstanbul, Marmara Bölgesi, 34070, Türkiye"
eyupsultan,circir,circir,332,32,41.0801289,28.9363025,1.0,0.0,"Çırçır, Mustafa Kemal Bulvarı, Çırçır Mahallesi, Eyüpsultan, İstanbul, Marmara Bölgesi, 34070, Türkiye"
eyupsultan,eyupsultan,esentepe,333,31,41.0686652,28.9393536,1.0,0.0,"Esentepe Mahallesi, Eyüpsultan, İstanbul, Marmara Bölgesi, Türkiye"
eyupsultan,eyupsultan,i̇slambey,334,12,41.0467148,28.9314745,1.0,0.0,"İslambey Mahallesi, Eyüpsultan, İstanbul, Marmara Bölgesi, Türkiye"
eyupsultan,eyupsultan,merkez,335,10,41.0474069,28.9356137,1.0,0.0,"Merkez Mahallesi, Eyüpsultan, İstanbul, Marmara Bölgesi, 34050, Türkiye"
eyupsultan,eyupsultan,nisanci,336,8,41.0433814,28.936088,1.0,0.0,"Nişancı Mahallesi, Eyüpsultan, İstanbul, Marmara Bölgesi, Türkiye"
eyupsultan,eyupsultan,sakarya,337,6,41.0647435,28.9405122,1.0,0.0,"Sakarya Mahallesi, Eyüpsultan, İstanbul, Marmara Bölgesi, Türkiye"
eyupsultan,eyupsultan,silahtaraga,338,12,41.0613259,28.940346,1.0,0.0,"Silahtarağa Mahallesi, Eyüpsultan, İstanbul, Marmara Bölgesi, Türkiye"
eyupsultan,gokturk,gokturk merkez,339,127,41.1787178,28.8899004,1.0,0.0,"Göktürk Merkez Camii, Belediye Caddesi, KemerLife XXI, Göktürk Merkez Mahallesi, Eyüpsultan, İstanbul, Marmara Bölgesi, 34077, Türkiye"
eyupsultan,kemerburgaz,mimar sinan,340,15,41.138065,28.957936,1.0,0.0,"Mimar Sinan, Kemerburgaz Caddesi, Mimar Sinan Mahallesi, Eyüpsultan, İstanbul, Marmara Bölgesi, 34075, Türkiye"
eyupsultan,kemerburgaz,mithatpasa,341,42,41.159163,28.9102378,2.0,0.0,"Kemerburgaz, Selanik Bulvarı, Kemerburgaz, Mithatpaşa Mahallesi, Eyüpsultan, İstanbul, Marmara Bölgesi, 34075, Türkiye"
eyupsultan,rami,dugmeciler,342,9,41.0484918,28.9207553,2.0,0.0,"Rami, Rami Cuma Mahallesi, Eyüpsultan, İstanbul, Marmara Bölgesi, 34055, Türkiye"
eyupsultan,rami,rami cuma,343,3,41.048541,28.9198081,1.0,0.0,"Rami Cuma Mahallesi Muhtarlığı, Gazi Ethempaşa Sokağı, Rami Cuma Mahallesi, Eyüpsultan, İstanbul, Marmara Bölgesi, 34055, Türkiye"
eyupsultan,rami,rami yeni,344,7,41.0465961,28.9156112,1.0,0.0,"Rami, Rami Kışla Caddesi, Rami Yeni Mahallesi, Eyüpsultan, İstanbul, Marmara Bölgesi, 34055, Türkiye"
eyupsultan,rami,topcular,345,13,41.0475321,28.9202324,1.0,0.0,"Topçular Değirmeni Sokağı, Rami, Rami Cuma Mahallesi, Eyüpsultan, İstanbul, Marmara Bölgesi, 34055, Türkiye"
eyupsultan,yesilpinar,karadolap,346,23,41.0822903,28.9182892,2.0,0.0,"Yeşilpınar, Mustafa Kemal Bulvarı, Yeşilpınar Mahallesi, Eyüpsultan, İstanbul, Marmara Bölgesi, 34065, Türkiye"
eyupsultan,yesilpinar,yesilpinar,347,21,41.0822903,28.9182892,1.0,0.0,"Yeşilpınar, Mustafa Kemal Bulvarı, Yeşilpınar Mahallesi, Eyüpsultan, İstanbul, Marmara Bölgesi, 34065, Türkiye"
fatih,akdeniz,aksemsettin,348,11,41.0204695,28.9417875,1.0,0.0,"Akşemsettin Caddesi, Akdeniz, Akşemsettin Mahallesi, İstanbul, Fatih, İstanbul, Marmara Bölgesi, 34080, Türkiye"
fatih,akdeniz,i̇skenderpasa,349,7,41.013959,28.945038,1.0,0.0,"İskenderpaşa, Ahmediye Caddesi, Akdeniz, İskenderpaşa Mahallesi, İstanbul, Fatih, İstanbul, Marmara Bölgesi, 34080, Türkiye"
fatih,aksaray,molla gurani,350,21,41.0083123,28.9502838,2.0,0.0,"Aksaray Mahallesi, İstanbul, Fatih, İstanbul, Marmara Bölgesi, 34096, Türkiye"
fatih,aksaray,topkapi,351,9,41.0083123,28.9502838,2.0,0.0,"Aksaray Mahallesi, İstanbul, Fatih, İstanbul, Marmara Bölgesi, 34096, Türkiye"
fatih,beyazit,emin sinan,352,2,41.009722,28.9665055,2.0,0.0,"Beyazıt Mahallesi, İstanbul, Fatih, İstanbul, Marmara Bölgesi, Türkiye"
fatih,fatih,cerrahpasa,353,9,41.0027734,28.9402534,1.0,0.0,"Cerrahpaşa, Samatya Sahili Sokağı, Cerrahpaşa Mahallesi, İstanbul, Fatih, İstanbul, Marmara Bölgesi, 34098, Türkiye"
fatih,fatih,karagumruk,354,4,41.0268821,28.9373882,1.0,0.0,"Karagümrük Mahallesi, İstanbul, Fatih, İstanbul, Marmara Bölgesi, Türkiye"
fatih,fener,atikali,355,4,41.0298173,28.9509216,2.0,0.0,"Fener, Balat Mahallesi, İstanbul, Fatih, İstanbul, Marmara Bölgesi, 34087, Türkiye"
fatih,fener,ayvansaray,356,8,41.0321554,28.9486823,1.0,0.0,"Ayvansaray Caddesi, Fener, Balat Mahallesi, İstanbul, Fatih, İstanbul, Marmara Bölgesi, 34087, Türkiye"
fatih,fener,balat,357,16,41.0340207,28.9480391,1.0,0.0,"Balat, Mürselpaşa Caddesi, Fener, Ayvansaray Mahallesi, İstanbul, Fatih, İstanbul, Marmara Bölgesi, 34087, Türkiye"
fatih,fener,dervis ali,358,7,41.0298173,28.9509216,2.0,0.0,"Fener, Balat Mahallesi, İstanbul, Fatih, İstanbul, Marmara Bölgesi, 34087, Türkiye"
fatih,fevzipasa,ali kuscu,359,5,41.0211273,28.9463114,1.0,0.0,"Ali usta, Fevzipaşa Caddesi, Ali Kuşçu Mahallesi, İstanbul, Fatih, İstanbul, Marmara Bölgesi, 34083, Türkiye"
fatih,fevzipasa,hirka-i serif,360,6,41.0210379,28.9462599,2.0,0.0,"Fevzipaşa Caddesi, Ali Kuşçu Mahallesi, İstanbul, Fatih, İstanbul, Marmara Bölgesi, 34083, Türkiye"
fatih,fevzipasa,zeyrek,361,3,41.0210379,28.9462599,2.0,0.0,"Fevzipaşa Caddesi, Ali Kuşçu Mahallesi, İstanbul, Fatih, İstanbul, Marmara Bölgesi, 34083, Türkiye"
fatih,haseki,aksaray,362,12,41.0088576,28.9477595,1.0,0.0,"Aksaray Pilavcısı, Cerrahpașa Caddesi, Yenikapı, Aksaray Mahallesi, İstanbul, Fatih, İstanbul, Marmara Bölgesi, 34096, Türkiye"
fatih,haseki,haseki sultan,363,6,41.0085883,28.941859,1.0,0.0,"Haseki Sultan Camii, Haseki Caddesi, Haseki Sultan Mahallesi, İstanbul, Fatih, İstanbul, Marmara Bölgesi, 34096, Türkiye"
fatih,kocamustafapasa,koca mustafapasa,364,10,40.9999287,28.9331768,2.0,0.0,"Kocamustafapaşa, İç Kalpakçı Sokağı, Samatya, Koca Mustafapaşa Mahallesi, İstanbul, Fatih, İstanbul, Marmara Bölgesi, 34098, Türkiye"
fatih,kocamustafapasa,seyyid omer,365,10,40.9999287,28.9331768,2.0,0.0,"Kocamustafapaşa, İç Kalpakçı Sokağı, Samatya, Koca Mustafapaşa Mahallesi, İstanbul, Fatih, İstanbul, Marmara Bölgesi, 34098, Türkiye"
fatih,kocamustafapasa,silivrikapi,366,6,40.9999287,28.9331768,2.0,0.0,"Kocamustafapaşa, İç Kalpakçı Sokağı, Samatya, Koca Mustafapaşa Mahallesi, İstanbul, Fatih, İstanbul, Marmara Bölgesi, 34098, Türkiye"
fatih,kocamustafapasa,sumbul efendi,367,1,40.9999287,28.9331768,2.0,0.0,"Kocamustafapaşa, İç Kalpakçı Sokağı, Samatya, Koca Mustafapaşa Mahallesi, İstanbul, Fatih, İstanbul, Marmara Bölgesi, 34098, Türkiye"
fatih,kucukmustafapasa,cibali,368,5,41.0266817,28.9577591,1.0,0.0,"Cibali, Cibali Şerefiye Sokağı, Küçükmustafapaşa, Yavuz Sultan Selim Mahallesi, İstanbul, Fatih, İstanbul, Marmara Bölgesi, 34083, Türkiye"
fatih,kucukmustafapasa,yavuz sultan selim,369,7,41.0262451,28.951634,1.0,0.0,"Yavuz Sultan Selim Türbesi, Yavuz Selim Caddesi, Küçükmustafapaşa, Yavuz Sultan Selim Mahallesi, İstanbul, Fatih, İstanbul, Marmara Bölgesi, 34083, Türkiye"
fatih,kumkapi,katip kasim,370,2,41.0033651,28.9629002,2.0,0.0,"Kumkapı, Hisar Çesmesi Sokağı, Muhsine Hatun Mahallesi, İstanbul, Fatih, İstanbul, Marmara Bölgesi, 34130, Türkiye"
fatih,kumkapi,muhsine hatun,371,2,41.0033651,28.9629002,2.0,0.0,"Kumkapı, Hisar Çesmesi Sokağı, Muhsine Hatun Mahallesi, İstanbul, Fatih, İstanbul, Marmara Bölgesi, 34130, Türkiye"
fatih,kumkapi,nisanca,372,3,41.0033651,28.9629002,2.0,0.0,"Kumkapı, Hisar Çesmesi Sokağı, Muhsine Hatun Mahallesi, İstanbul, Fatih, İstanbul, Marmara Bölgesi, 34130, Türkiye"
fatih,mevlanakapi,mevlanakapi,373,6,41.0140675,28.9221525,1.0,0.0,"Mevlanakapı Caddesi, Mevlanakapı Mahallesi, İstanbul, Fatih, İstanbul, Marmara Bölgesi, 34104, Türkiye"
fatih,sehremini,sehremini,374,19,41.0144044,28.9306789,1.0,0.0,"Şehremini Erkek Kuaförü, Deniz Abdal Çeşmesi Sokağı, Şehremini Mahallesi, İstanbul, Fatih, İstanbul, Marmara Bölgesi, 34104, Türkiye"
fatih,sultanahmet,binbirdirek,375,1,41.0041141,28.9769087,2.0,0.0,"Sultan Ahmet Mahallesi, İstanbul, Fatih, İstanbul, Marmara Bölgesi, Türkiye"
fatih,vefa,demirtas,376,1,41.0166138,28.9589045,2.0,0.0,"Vefa, Molla Hüsrev Mahallesi, İstanbul, Fatih, İstanbul, Marmara Bölgesi, 34134, Türkiye"
fatih,vefa,haci kadin,377,1,41.0166138,28.9589045,2.0,0.0,"Vefa, Molla Hüsrev Mahallesi, İstanbul, Fatih, İstanbul, Marmara Bölgesi, 34134, Türkiye"
fatih,vefa,kemal pasa,378,2,41.0166138,28.9589045,2.0,0.0,"Vefa, Molla Hüsrev Mahallesi, İstanbul, Fatih, İstanbul, Marmara Bölgesi, 34134, Türkiye"
fatih,vefa,molla husrev,379,2,41.0147778,28.959381,1.0,0.0,"Molla Hüsrev cami Turbası, Müşküle Sokağı, Vefa, Molla Hüsrev Mahallesi, İstanbul, Fatih, İstanbul, Marmara Bölgesi, 34134, Türkiye"
fatih,yedikule,merkez,380,7,40.9965566,28.9272737,1.0,0.0,"Merkez dürüm evi, Tahta Tulumba Sokağı, Yedikule Mahallesi, İstanbul, Fatih, İstanbul, Marmara Bölgesi, 34107, Türkiye"
gaziosmanpasa,fevzicakmak,fevzi cakmak,381,10,41.0723158,28.9021544,1.0,0.0,"Fevzi Çakmak Parkı, Küçükköy, Fevzi Çakmak Mahallesi, Gaziosmanpaşa, İstanbul, Marmara Bölgesi, Türkiye"
gaziosmanpasa,fevzicakmak,karayollari,382,26,41.0716725,28.9048028,2.0,0.0,"Fevzi Çakmak Mahallesi, Gaziosmanpaşa, İstanbul, Marmara Bölgesi, Türkiye"
gaziosmanpasa,fevzicakmak,mevlana,383,16,41.0716725,28.9048028,2.0,0.0,"Fevzi Çakmak Mahallesi, Gaziosmanpaşa, İstanbul, Marmara Bölgesi, Türkiye"
gaziosmanpasa,gaziosmanpasa,baglarbasi,384,22,41.0631149,28.9143839,1.0,0.0,"Bağlarbaşı Mahallesi, Gaziosmanpaşa, İstanbul, Marmara Bölgesi, 34245, Türkiye"
gaziosmanpasa,gaziosmanpasa,merkez,385,18,41.0573173,28.9117986,1.0,0.0,"Merkez Mahallesi, Gaziosmanpaşa, İstanbul, Marmara Bölgesi, Türkiye"
gaziosmanpasa,gaziosmanpasa,sarigol,386,12,41.058849,28.9179346,1.0,0.0,"Sarıgöl Mahallesi, Gaziosmanpaşa, İstanbul, Marmara Bölgesi, Türkiye"
gaziosmanpasa,kazimkarabekir,kazim karabekir,387,15,41.077447,28.912594,1.0,0.0,"Kazim Karabekir, 922. Sokak, Kazım Karabekir Mahallesi, Gaziosmanpaşa, İstanbul, Marmara Bölgesi, 34255, Türkiye"
gaziosmanpasa,kucukkoy,barbaros hayrettinpasa,388,14,41.0728252,28.9040964,2.0,0.0,"Kucukkoy, İstanbul Caddesi, Küçükköy, Fevzi Çakmak Mahallesi, Gaziosmanpaşa, İstanbul, Marmara Bölgesi, 34255, Türkiye"
gaziosmanpasa,kucukkoy,hurriyet,389,6,41.0728252,28.9040964,2.0,0.0,"Kucukkoy, İstanbul Caddesi, Küçükköy, Fevzi Çakmak Mahallesi, Gaziosmanpaşa, İstanbul, Marmara Bölgesi, 34255, Türkiye"
gaziosmanpasa,kucukkoy,karadeniz,390,47,41.0728252,28.9040964,2.0,0.0,"Kucukkoy, İstanbul Caddesi, Küçükköy, Fevzi Çakmak Mahallesi, Gaziosmanpaşa, İstanbul, Marmara Bölgesi, 34255, Türkiye"
gaziosmanpasa,kucukkoy,semsipasa,391,6,41.0689308,28.9073295,1.0,0.0,"Şemsipaşa, Küçükköy Caddesi, Şemsipaşa Mahallesi, Gaziosmanpaşa, İstanbul, Marmara Bölgesi, 34250, Türkiye"
gaziosmanpasa,kucukkoy,yeni mahalle,392,20,41.0728252,28.9040964,2.0,0.0,"Kucukkoy, İstanbul Caddesi, Küçükköy, Fevzi Çakmak Mahallesi, Gaziosmanpaşa, İstanbul, Marmara Bölgesi, 34255, Türkiye"
gaziosmanpasa,yildiztabya,karlitepe,393,5,41.0614262,28.9283226,1.0,0.0,"Karlıtepe, Temiz Sokağı, Yıldıztabya Mahallesi, Gaziosmanpaşa, İstanbul, Marmara Bölgesi, 34240, Türkiye"
gaziosmanpasa,yildiztabya,pazarici,394,5,41.0646555,28.931006,2.0,0.0,"Yıldıztabya Mahallesi, Gaziosmanpaşa, İstanbul, Marmara Bölgesi, 34240, Türkiye"
gaziosmanpasa,yildiztabya,yenidogan,395,5,41.0646555,28.931006,2.0,0.0,"Yıldıztabya Mahallesi, Gaziosmanpaşa, İstanbul, Marmara Bölgesi, 34240, Türkiye"
gaziosmanpasa,yildiztabya,yildiztabya,396,17,41.0658094,28.9346859,1.0,0.0,"Yıldıztabya, Yıldıztabya Caddesi, Yıldıztabya Mahallesi, Gaziosmanpaşa, İstanbul, Marmara Bölgesi, 34240, Türkiye"
gungoren,abdurrahman nafiz gurman,abdurrahman nafiz gurman,397,8,41.0029637,28.8844427,1.0,0.0,"Abdurrahman Nafiz Gürman Parkı Basketbol Sahası, Merter 2 Köprülü Kavşağı, Abdurrahman Nafiz Gürman Mahallesi, Bahçelievler Mahallesi, Bahçelievler, İstanbul, Marmara Bölgesi, 34180, Türkiye"
gungoren,akincilar,akincilar,398,2,41.0170846,28.8714252,1.0,0.0,"Akıncılar, Abdi İpekçi Caddesi, Akıncılar Mahallesi, Güngören, İstanbul, Marmara Bölgesi, 34160, Türkiye"
gungoren,akincilar,guven,399,3,41.0160064,28.8710186,2.0,0.0,"Akıncılar Mahallesi, Güngören, İstanbul, Marmara Bölgesi, 34160, Türkiye"
gungoren,akincilar,maresal cakmak,400,1,41.0160064,28.8710186,2.0,0.0,"Akıncılar Mahallesi, Güngören, İstanbul, Marmara Bölgesi, 34160, Türkiye"
gungoren,gungoren,gunestepe,401,4,41.0259668,28.8649183,1.0,0.0,"Güneştepe Mahallesi, Güngören, İstanbul, Marmara Bölgesi, 34164, Türkiye"
gungoren,gungoren,merkez,402,6,41.0243935,28.8719813,1.0,0.0,"Merkez Mahallesi, Güngören, İstanbul, Marmara Bölgesi, 34164, Türkiye"
gungoren,haznedar,merkez,403,5,41.0104658,28.8707783,2.0,0.0,"Haznedar Mahallesi, Güngören, İstanbul, Marmara Bölgesi, Türkiye"
gungoren,sanayi,gencosman,404,5,41.028318,28.877902,1.0,0.0,"Gençosman İmkb Çok Programli Anadolu Lisesi, Çinçindere Caddesi, Gençosman Mahallesi, Güngören, İstanbul, Marmara Bölgesi, 34220, Türkiye"
gungoren,sanayi,merkez,405,2,41.0191385,28.8808882,2.0,0.0,"Sanayi Mahallesi, Güngören, İstanbul, Marmara Bölgesi, Türkiye"
gungoren,tozkoparan,mehmet nesih ozmen,406,1,41.014823,28.8966072,2.0,0.0,"Tozkoparan Mahallesi, Güngören, İstanbul, Marmara Bölgesi, Türkiye"
gungoren,tozkoparan,merkez,407,3,41.014823,28.8966072,2.0,0.0,"Tozkoparan Mahallesi, Güngören, İstanbul, Marmara Bölgesi, Türkiye"
kadikoy,19 mayis,19 mayis,408,27,40.9760301,29.0851017,1.0,0.0,"19 Mayıs Parkı, Kazasker, 19 Mayıs Mahallesi, Kadıköy, İstanbul, Marmara Bölgesi, 34736, Türkiye"
kadikoy,acibadem,acibadem,409,19,41.0023323,29.0444009,1.0,0.0,"Acıbadem, Eski D-100 Karayolu, Acıbadem Mahallesi, Kadıköy, İstanbul, Marmara Bölgesi, 34718, Türkiye"
kadikoy,bostanci,bostanci,410,47,40.9539323,29.094902,1.0,0.0,"Bostancı, Bağdat Caddesi, Bostancı Mahallesi, Kadıköy, İstanbul, Marmara Bölgesi, 34744, Türkiye"
kadikoy,caddebostan,merkez,411,31,40.9626891,29.076034,1.0,0.0,"Jolly Tours - Merkez Ofis, 371/A, Bağdat Caddesi, Şaşkınbakkal, Suadiye Mahallesi, Kadıköy, İstanbul, Marmara Bölgesi, 34740, Türkiye"
kadikoy,caferaga,caferaga,412,48,40.9884103,29.0260507,1.0,0.0,"Kadıköy Belediyesi Caferağa Spor Salonu, Nail Bey Sokağı, Bahariye, Caferağa Mahallesi, Kadıköy, İstanbul, Marmara Bölgesi, 34710, Türkiye"
kadikoy,egitim,egitim,413,17,40.9858655,29.0528238,1.0,0.0,"Atatürk Eğitim Fakültesi, İç Bahçe, Eğitim Mahallesi, Kadıköy, İstanbul, Marmara Bölgesi, 34722, Türkiye"
kadikoy,erenkoy,erenkoy,414,41,40.9716791,29.0763662,1.0,0.0,"Erenköy, Eralp Sokağı, Erenköy Mahallesi, Kadıköy, İstanbul, Marmara Bölgesi, 34738, Türkiye"
kadikoy,fenerbahce,fenerbahce,415,24,40.9696064,29.0375737,1.0,0.0,"Fenerbahçe, Atlıhan Sokağı, Fenerbahçe Mahallesi, Kadıköy, İstanbul, Marmara Bölgesi, 34726, Türkiye"
kadikoy,feneryolu,merkez,416,18,40.9788502,29.0487327,2.0,0.0,"Feneryolu, Gazi Muhtarpaşa Sokağı, Feneryolu Mahallesi, Kadıköy, İstanbul, Marmara Bölgesi, 34724, Türkiye"
kadikoy,feneryolu,zuhtupasa,417,16,40.9841404,29.0400399,1.0,0.0,"Zühtüpaşa Camii, 35/1, Bağdat Caddesi, Kızıltoprak, Zühtüpaşa Mahallesi, Kadıköy, İstanbul, Marmara Bölgesi, 34724, Türkiye"
kadikoy,fikirtepe,dumlupinar,418,63,40.9932183,29.0516214,2.0,0.0,"Fikirtepe Mahallesi, Kadıköy, İstanbul, Marmara Bölgesi, Türkiye"
kadikoy,fikirtepe,merkez,419,28,40.996139,29.0503768,1.0,0.0,"Fikirtepe Merkez Camii, Erdemler Sokağı, Fikirtepe Mahallesi, Kadıköy, İstanbul, Marmara Bölgesi, 34720, Türkiye"
kadikoy,goztepe,goztepe,420,48,40.979211,29.0626291,1.0,0.0,"Göztepe, 61, Yeşilbahar Sokağı, Çiftehavuzlar, Göztepe Mahallesi, Kadıköy, İstanbul, Marmara Bölgesi, 34730, Türkiye"
kadikoy,hasanpasa,hasanpasa,421,17,40.9967582,29.0429015,1.0,0.0,"Müze Gazhane, Botanik Sokağı, Hasanpaşa Mahallesi, Kadıköy, İstanbul, Marmara Bölgesi, 34722, Türkiye"
kadikoy,kosuyolu,kosuyolu,422,5,41.009316,29.037033,1.0,0.0,"Koşuyolu, Koşuyolu Caddesi, Koşuyolu Mahallesi, Kadıköy, İstanbul, Marmara Bölgesi, 34718, Türkiye"
kadikoy,kozyatagi,kozyatagi,423,39,40.97539,29.0996756,1.0,0.0,"Kozyatağı, Metro Altgeçidi, İçerenköy Mahallesi, Ataşehir, İstanbul, Marmara Bölgesi, 34752, Türkiye"
kadikoy,merdivenkoy,merdivenkoy,424,32,40.9865349,29.0750826,1.0,0.0,"Merdivenköy, Sayım Sokağı, Merdivenköy Mahallesi, Kadıköy, İstanbul, Marmara Bölgesi, 34732, Türkiye"
kadikoy,osmanaga,osmanaga,425,42,40.9908391,29.0261231,1.0,0.0,"Osman Ağa Cami, Söğütlüçeşme Caddesi, Osmanağa Mahallesi, Kadıköy, İstanbul, Marmara Bölgesi, 34714, Türkiye"
kadikoy,rasimpasa,rasimpasa,426,34,40.9953995,29.0318992,1.0,0.0,"Rasimpaşa Mahallesi Muhtarlığı, Uzun Hafız Sokak Köprüsü, Yeldeğirmeni, Rasimpaşa Mahallesi, Kadıköy, İstanbul, Marmara Bölgesi, 34716, Türkiye"
kadikoy,sahrayicedit,sahrayi cedit,427,23,40.9831733,29.0831882,2.0,0.0,"Sahrayıcedit Mahallesi, Kadıköy, İstanbul, Marmara Bölgesi, 34734, Türkiye"
kadikoy,suadiye,merkez,428,51,40.9561346,29.0798489,1.0,0.0,"Suadiye Merkez Taksi, Plaj Yolu Sokağı, Şaşkınbakkal, Suadiye Mahallesi, Kadıköy, İstanbul, Marmara Bölgesi, 34740, Türkiye"
kagithane,caglayan,caglayan,429,59,41.079001,28.978415,1.0,0.0,"Çağlayan, Yıldızhan Caddesi, Çağlayan Mahallesi, Kâğıthane, İstanbul, Marmara Bölgesi, 34403, Türkiye"
kagithane,caglayan,hurriyet,430,34,41.0707068,28.9805133,2.0,0.0,"Çağlayan, Taşocağı Caddesi, Hürriyet Mahallesi, Kâğıthane, İstanbul, Marmara Bölgesi, 34403, Türkiye"
kagithane,celiktepe,celiktepe,431,50,41.0829587,29.002495,1.0,0.0,"Çeliktepe Muhtarlığı, İsmet İnönü Caddesi, Çeliktepe Mahallesi, Kâğıthane, İstanbul, Marmara Bölgesi, 34413, Türkiye"
kagithane,gultepe,gultepe,432,38,41.0797395,28.9938158,1.0,0.0,"Gültepe İmam Hatip Ortaokulu, İşçi Sokağı, Gültepe Mahallesi, Kâğıthane, İstanbul, Marmara Bölgesi, 34410, Türkiye"
kagithane,gultepe,harmantepe,433,42,41.0810024,28.9949074,2.0,0.0,"Gültepe Mahallesi, Kâğıthane, İstanbul, Marmara Bölgesi, Türkiye"
kagithane,gultepe,ortabayir,434,57,41.0810024,28.9949074,2.0,0.0,"Gültepe Mahallesi, Kâğıthane, İstanbul, Marmara Bölgesi, Türkiye"
kagithane,gultepe,telsizler,435,33,41.0810024,28.9949074,2.0,0.0,"Gültepe Mahallesi, Kâğıthane, İstanbul, Marmara Bölgesi, Türkiye"
kagithane,gultepe,yahya kemal,436,37,41.0810024,28.9949074,2.0,0.0,"Gültepe Mahallesi, Kâğıthane, İstanbul, Marmara Bölgesi, Türkiye"
kagithane,hamidiye,merkez,437,113,41.0945221,28.9708151,2.0,0.0,"Hamidiye Mahallesi, Kâğıthane, İstanbul, Marmara Bölgesi, 34408, Türkiye"
kagithane,kagithane,gursel,438,35,41.0709262,28.972669,1.0,0.0,"Gürsel Mahallesi, Kâğıthane, İstanbul, Marmara Bölgesi, Türkiye"
kagithane,kagithane,mehmet akif ersoy,439,14,41.0593001,28.9564044,1.0,0.0,"Mehmet Akif Ersoy Mahallesi, Kâğıthane, İstanbul, Marmara Bölgesi, Türkiye"
kagithane,kagithane,merkez,440,67,41.079396,28.9692391,1.0,0.0,"Merkez Mahallesi, Kâğıthane, İstanbul, Marmara Bölgesi, 34406, Türkiye"
kagithane,kagithane,nurtepe,441,28,41.0798589,28.9634762,1.0,0.0,"Nurtepe, Sokullu Caddesi, Nurtepe Mahallesi, Kâğıthane, İstanbul, Marmara Bölgesi, 34406, Türkiye"
kagithane,kagithane,talatpasa,442,62,41.063141,28.9635226,1.0,0.0,"Talatpaşa Mahallesi, Kâğıthane, İstanbul, Marmara Bölgesi, 34400, Türkiye"
kagithane,seyrantepe,merkez,443,48,41.1001038,28.9983105,1.0,0.0,"Seyrantepe Merkez Cami, Nato Caddesi, Seyrantepe Mahallesi, Kâğıthane, İstanbul, Marmara Bölgesi, 34418, Türkiye"
kagithane,seyrantepe,yesilce,444,12,41.0965017,28.9968336,1.0,0.0,"Yeşilce Mahallesi, Kağıthane Barbaros Caddesi, Seyrantepe Mahallesi, Kâğıthane, İstanbul, Marmara Bölgesi, 34418, Türkiye"
kagithane,sirintepe,emniyet evleri,445,17,41.0889065,28.9909795,2.0,0.0,"Şirintepe Mahallesi, Kâğıthane, İstanbul, Marmara Bölgesi, Türkiye"
kagithane,sirintepe,sirintepe,446,16,41.088156,28.990391,1.0,0.0,"Şirintepe, Akan Yıldız Sokağı, Şirintepe Mahallesi, Kâğıthane, İstanbul, Marmara Bölgesi, 34415, Türkiye"
kagithane,sirintepe,sultan selim,447,23,41.090289,28.996565,1.0,0.0,"Sultan Selim Mahallesi Merkez Camii, Gümüşhane Caddesi, Sultan Selim Mahallesi, Kâğıthane, İstanbul, Marmara Bölgesi, 34415, Türkiye"
kartal,dragos,orhantepe,448,22,40.901779,29.147132,1.0,0.0,"Fiziksel Engelliler Vakfı Orhantepe, Turgut Özal Bulvarı, Dragos, Orhantepe Mahallesi, Kartal, İstanbul, Marmara Bölgesi, 34865, Türkiye"
kartal,esentepe,karliktepe,449,27,40.90075,29.1839795,1.0,0.0,"Ptt - Karlıktepe, Tecerdağı Caddesi, Karlıktepe Mahallesi, Kartal, İstanbul, Marmara Bölgesi, 34862, Türkiye"
kartal,esentepe,merkez,450,28,40.9069182,29.1868775,2.0,0.0,"Esentepe Mahallesi, Kartal, İstanbul, Marmara Bölgesi, 34870, Türkiye"
kartal,orhantepe,cevizli,451,19,40.9100807,29.1559855,1.0,0.0,"Cevizli, Orhangazi Caddesi, Orhantepe Mahallesi, Kartal, İstanbul, Marmara Bölgesi, 34865, Türkiye"
kartal,rahmanlar (atalar),atalar,452,22,40.8987112,29.1703719,2.0,0.0,"Rahmanlar Şifa Eczanesi, Üsküdar Caddesi, Atalar Mahallesi, Kartal, İstanbul, Marmara Bölgesi, 34865, Türkiye"
kartal,rahmanlar (atalar),kordonboyu,453,49,40.8987112,29.1703719,2.0,0.0,"Rahmanlar Şifa Eczanesi, Üsküdar Caddesi, Atalar Mahallesi, Kartal, İstanbul, Marmara Bölgesi, 34865, Türkiye"
kartal,rahmanlar (atalar),petrolis,454,8,40.8987112,29.1703719,2.0,0.0,"Rahmanlar Şifa Eczanesi, Üsküdar Caddesi, Atalar Mahallesi, Kartal, İstanbul, Marmara Bölgesi, 34865, Türkiye"
kartal,rahmanlar (atalar),yukari,455,3,40.8987112,29.1703719,2.0,0.0,"Rahmanlar Şifa Eczanesi, Üsküdar Caddesi, Atalar Mahallesi, Kartal, İstanbul, Marmara Bölgesi, 34865, Türkiye"
kartal,soganlik,gumuspinar,456,15,40.9132162,29.1924269,2.0,0.0,"Soğanlık, Ankara Asfaltı Yanyolu, Soğanlık Yeni Mahallesi, Kartal, İstanbul, Marmara Bölgesi, 34880, Türkiye"
kartal,soganlik,orta,457,13,40.9144727,29.2019581,1.0,0.0,"Kartal Orta Mahalle Muhtarlığı, Tiryaki Hasan Paşa Sokak, Soğanlık, Orta Mahallesi, Kartal, İstanbul, Marmara Bölgesi, 34880, Türkiye"
kartal,soganlik,soganlik yeni,458,30,40.9176319,29.1933918,1.0,0.0,"Soğanlık Yeni Mahalle Muhtarlığı, Yahya Kemal Beyatlı Caddesi, Soğanlık Yeni Mahallesi, Kartal, İstanbul, Marmara Bölgesi, 34880, Türkiye"
kartal,topselvi,cavusoglu,459,7,40.8939427,29.2153856,2.0,0.0,"Topselvi Mahalesi, Kartal, İstanbul, Marmara Bölgesi, Türkiye"
kartal,topselvi,merkez,460,8,40.8936308,29.2173873,1.0,0.0,"Topselvi̇ Merkez Cami̇, Topselvi Caddesi, Topselvi Mahalesi, Kartal, İstanbul, Marmara Bölgesi, 34873, Türkiye"
kartal,topselvi,yali,461,14,40.8922526,29.2162585,1.0,0.0,"Yalı Yunus Topselvi Mahalle Bölge Başkanlığı, İkiz Sokak, Topselvi Mahalesi, Kartal, İstanbul, Marmara Bölgesi, 34873, Türkiye"
kartal,topselvi,yunus,462,12,40.8894074,29.2166276,1.0,0.0,"Yunus Mahallesi Muhtarlığı, Yeşil Sokağı, Yunus Mahallesi, Topselvi Mahalesi, Kartal, İstanbul, Marmara Bölgesi, 34873, Türkiye"
kartal,ugurmumcu,ugur mumcu,463,11,40.9322088,29.2132981,1.0,0.0,"Uğur Mumcu Kültür Merkezi, 17, Şeyh Şamil Caddesi, Uğur Mumcu Mahallesi, Kartal, İstanbul, Marmara Bölgesi, 34882, Türkiye"
kartal,yakacik,cumhuriyet,464,15,40.9190971,29.2247675,2.0,0.0,"Yakacık, Yakacık Yeni Mahallesi, Kartal, İstanbul, Marmara Bölgesi, 34882, Türkiye"
kartal,yakacik,hurriyet,465,76,40.9190971,29.2247675,2.0,0.0,"Yakacık, Yakacık Yeni Mahallesi, Kartal, İstanbul, Marmara Bölgesi, 34882, Türkiye"
kartal,yakacik,yakacik carsi,466,12,40.9178348,29.226884,1.0,0.0,"Yakacık Çarşı Mahallesi Muhtarlığı, Tarihi Ayazma Caddesi, Yakacık Çarşı Mahallesi, Kartal, İstanbul, Marmara Bölgesi, 34876, Türkiye"
kartal,yakacik,yakacik yeni,467,17,40.9199023,29.224849,1.0,0.0,"Yakacık, Samandıra Caddesi, Yakacık, Yakacık Yeni Mahallesi, Kartal, İstanbul, Marmara Bölgesi, 34882, Türkiye"
kucukcekmece,cennet,merkez,468,10,40.9896625,28.7775673,2.0,0.0,"Cennet Mahallesi, Küçükçekmece, İstanbul, Marmara Bölgesi, Türkiye"
kucukcekmece,cennet,yeni mahalle,469,5,40.9933522,28.7688819,1.0,0.0,"Yeni Eczanesi, Hatboyu Caddes', Cumhuriyet Mahallesi, Küçükçekmece, İstanbul, Marmara Bölgesi, 34290, Türkiye"
kucukcekmece,halkali,atakent,470,173,41.0336998,28.7739638,1.0,0.0,"Atakent Pet Kuaför, 11, Turgut Özal Bulvarı, Halkalı, İstasyon Mahallesi, Küçükçekmece, İstanbul, Marmara Bölgesi, 34303, Türkiye"
kucukcekmece,halkali,ataturk,471,26,41.0222548,28.772139,1.0,0.0,"Atatürk Parkı, Halkalı, İstasyon Mahallesi, Küçükçekmece, İstanbul, Marmara Bölgesi, 34303, Türkiye"
kucukcekmece,halkali,halkali merkez,472,47,41.0326817,28.77521,1.0,0.0,"Halkalı Yunus Emre Kültür Merkez Ve Cem Vakfı, 2. Sakarya Sokağı, Halkalı, İstasyon Mahallesi, Küçükçekmece, İstanbul, Marmara Bölgesi, 34303, Türkiye"
kucukcekmece,halkali,mehmet akif,473,11,41.0225125,28.7825243,1.0,0.0,"Mehmet Akif Ersoy Bulvarı, Halkalı, İstasyon Mahallesi, Küçükçekmece, İstanbul, Marmara Bölgesi, 34303, Türkiye"
kucukcekmece,merkez,cumhuriyet,474,21,41.045571,28.795606,1.0,0.0,"Cumhuriyet Caddesi, Selçuklu Caddesi, Alarko blokları, Atakent Mahallesi, Küçükçekmece, İstanbul, Marmara Bölgesi, 34307, Türkiye"
kucukcekmece,merkez,fatih,475,14,41.0284714,28.8032611,1.0,0.0,"Fatih Metro İstasyonu (M1B), Halkalı Merkez Mahallesi, Küçükçekmece, İstanbul, Marmara Bölgesi, Türkiye"
kucukcekmece,merkez,i̇stasyon,476,19,41.0315706,28.7780619,1.0,0.0,"İstasyon Mahallesi Parkı, Halkalı Merkez Mahallesi, Küçükçekmece, İstanbul, Marmara Bölgesi, Türkiye"
kucukcekmece,merkez,kanarya,477,11,41.0356342,28.7925691,2.0,0.0,"Halkalı Merkez Mahallesi, Küçükçekmece, İstanbul, Marmara Bölgesi, Türkiye"
kucukcekmece,sefakoy,besyol,478,1,41.0042585,28.7979845,2.0,0.0,"Sefaköy, Kartaltepe Mahallesi, Küçükçekmece, İstanbul, Marmara Bölgesi, 34295, Türkiye"
kucukcekmece,sefakoy,fevzi cakmak,479,36,41.0042585,28.7979845,2.0,0.0,"Sefaköy, Kartaltepe Mahallesi, Küçükçekmece, İstanbul, Marmara Bölgesi, 34295, Türkiye"
kucukcekmece,sefakoy,gultepe,480,24,41.0042585,28.7979845,2.0,0.0,"Sefaköy, Kartaltepe Mahallesi, Küçükçekmece, İstanbul, Marmara Bölgesi, 34295, Türkiye"
kucukcekmece,sefakoy,i̇nonu,481,41,41.0042585,28.7979845,2.0,0.0,"Sefaköy, Kartaltepe Mahallesi, Küçükçekmece, İstanbul, Marmara Bölgesi, 34295, Türkiye"
kucukcekmece,sefakoy,kartaltepe,482,16,41.000391,28.797929,1.0,0.0,"Kartaltepe, Süvari Caddesi, Sefaköy, Kartaltepe Mahallesi, Küçükçekmece, İstanbul, Marmara Bölgesi, 34295, Türkiye"
kucukcekmece,sefakoy,kemalpasa,483,6,41.0042585,28.7979845,2.0,0.0,"Sefaköy, Kartaltepe Mahallesi, Küçükçekmece, İstanbul, Marmara Bölgesi, 34295, Türkiye"
kucukcekmece,sefakoy,sogutlu cesme,484,10,41.0042585,28.7979845,2.0,0.0,"Sefaköy, Kartaltepe Mahallesi, Küçükçekmece, İstanbul, Marmara Bölgesi, 34295, Türkiye"
kucukcekmece,sefakoy,sultan murat,485,14,41.0042585,28.7979845,2.0,0.0,"Sefaköy, Kartaltepe Mahallesi, Küçükçekmece, İstanbul, Marmara Bölgesi, 34295, Türkiye"
kucukcekmece,sefakoy,tevfik bey,486,13,41.0042585,28.7979845,2.0,0.0,"Sefaköy, Kartaltepe Mahallesi, Küçükçekmece, İstanbul, Marmara Bölgesi, 34295, Türkiye"
kucukcekmece,sefakoy,yesilova,487,10,41.0042585,28.7979845,2.0,0.0,"Sefaköy, Kartaltepe Mahallesi, Küçükçekmece, İstanbul, Marmara Bölgesi, 34295, Türkiye"
kucukcekmece,yarimburgaz,yarimburgaz,488,4,41.04397,28.752999,1.0,0.0,"Yarımburgaz, Kurşun Sokağı, Yarımburgaz Mahallesi, Küçükçekmece, İstanbul, Marmara Bölgesi, 34303, Türkiye"
maltepe,aydinevler,aydinevler,489,33,40.9536116,29.1218477,1.0,0.0,"Aydınevler, Siteler Yolu Sokağı, Aydınevler Mahallesi, Maltepe, İstanbul, Marmara Bölgesi, 34854, Türkiye"
maltepe,aydinevler,basibuyuk,490,24,40.950994,29.1332902,1.0,0.0,"Başıbüyük Çobanlarderesi Camii, İdealtepe Yolu, Başıbüyük Mahallesi, Maltepe, İstanbul, Marmara Bölgesi, 34854, Türkiye"
maltepe,aydinevler,findikli,491,94,40.9490261,29.1281559,2.0,0.0,"Aydınevler Mahallesi, Maltepe, İstanbul, Marmara Bölgesi, Türkiye"
maltepe,cevizli,merkez,492,68,40.9183178,29.1670091,1.0,0.0,"Fortes Mühendislik Genel Merkez, Tugay Yolu Caddesi, Cevizli Mahallesi, Maltepe, İstanbul, Marmara Bölgesi, 34846, Türkiye"
maltepe,esenkent,merkez,493,6,40.9252913,29.1625701,1.0,0.0,"Esenkent Merkez Camii, Malazgirt Caddesi, Esenkent Mahallesi, Maltepe, İstanbul, Marmara Bölgesi, 34848, Türkiye"
maltepe,ferhatpasa,buyukbakkalkoy,494,24,40.9723349,29.1893533,2.0,0.0,"Ferhatpaşa Yolu Caddesi, Büyükbakkalköy Mahallesi, Maltepe, İstanbul, Marmara Bölgesi, 34858, Türkiye"
maltepe,feyzullah,merkez,495,20,40.9246786,29.1304707,1.0,0.0,"Maltepe Merkez Cumhuriyet Camii, Süreyyaplajı, Feyzullah Mahallesi, Maltepe, İstanbul, Marmara Bölgesi, Türkiye"
maltepe,gulsuyu,gulensu,496,3,40.9315012,29.1646086,1.0,0.0,"Gülensu Yolu, Kazım Karabekir Caddesi, Gülsuyu Mahallesi, Maltepe, İstanbul, Marmara Bölgesi, 34848, Türkiye"
maltepe,gulsuyu,gulsuyu,497,5,40.9312014,29.1537736,1.0,0.0,"Gülsuyu Mezarlığı, Gülsuyu Mahallesi, Maltepe, İstanbul, Marmara Bölgesi, Türkiye"
maltepe,i̇dealtepe,altaycesme,498,30,40.9378351,29.1142301,2.0,0.0,"İdealtepe, Hatboyu Yolu Caddesi, İdealtepe Mahallesi, Maltepe, İstanbul, Marmara Bölgesi, 34841, Türkiye"
maltepe,i̇dealtepe,cinar,499,22,40.9454259,29.1115393,1.0,0.0,"Çınar, Bağdat Caddesi, Çınar Mahallesi, Maltepe, İstanbul, Marmara Bölgesi, 34841, Türkiye"
maltepe,i̇dealtepe,i̇dealtepe,500,33,40.9378351,29.1142301,1.0,0.0,"İdealtepe, Hatboyu Yolu Caddesi, İdealtepe Mahallesi, Maltepe, İstanbul, Marmara Bölgesi, 34841, Türkiye"
maltepe,kucukyali,altintepe,501,38,40.9484414,29.1001047,1.0,0.0,"Altıntepe, Turgut Özal Bulvarı, Küçükyalı, Küçükyalı Merkez Mahallesi, Maltepe, İstanbul, Marmara Bölgesi, 34840, Türkiye"
maltepe,kucukyali,kucukyali,502,28,40.946258,29.1071674,1.0,0.0,"Küçükyalı, Cumhuriyet Caddesi, Küçükyalı, Küçükyalı Merkez Mahallesi, Maltepe, İstanbul, Marmara Bölgesi, 34840, Türkiye"
maltepe,yali,baglarbasi,503,28,40.9201889,29.1277394,2.0,0.0,"Yalı Mahallesi, Maltepe, İstanbul, Marmara Bölgesi, Türkiye"
maltepe,yali,yali,504,23,40.9150327,29.1439107,1.0,0.0,"Dragos Yalı Konakları Sitesi, Yalı Mahallesi, Maltepe, İstanbul, Marmara Bölgesi, Türkiye"
maltepe,zumrutevler,girne,505,19,40.9454168,29.1381934,1.0,0.0,"Girne Caddesi, Zümrütevler Mahallesi, Girne Mahallesi, Maltepe, İstanbul, Marmara Bölgesi, 34852, Türkiye"
maltepe,zumrutevler,zumrutevler,506,87,40.9423801,29.1508532,1.0,0.0,"Zümrütevler Mahalle Muhtarlığı, Nil Caddesi, Zümrütevler Mahallesi, Maltepe, İstanbul, Marmara Bölgesi, 34852, Türkiye"
pendik,bahcelievler,bahcelievler,507,9,40.8823632,29.2387587,1.0,0.0,"Bahçelievler Parkı, Bahçelievler Mahallesi, Pendik, İstanbul, Marmara Bölgesi, 34893, Türkiye"
pendik,bahcelievler,sapan baglari,508,7,40.8839106,29.2353786,2.0,0.0,"Bahçelievler Mahallesi, Pendik, İstanbul, Marmara Bölgesi, Türkiye"
pendik,bahcelievler,yeni,509,9,40.8844687,29.2361689,1.0,0.0,"Yeni Sokak, Bahçelievler Mahallesi, Pendik, İstanbul, Marmara Bölgesi, 34893, Türkiye"
pendik,bahcelievler,yesilbaglar,510,5,40.8905863,29.2295295,1.0,0.0,"Yeşilbağlar Novipazar Spor Kompleksi, 91, Şehit Fethi Caddesi, Yeni Mahallesi, Pendik, İstanbul, Marmara Bölgesi, 34893, Türkiye"
pendik,camcesme,camcesme,511,28,40.872057,29.2709794,1.0,0.0,"Çamçeşme, Düzey Sokağı, Çamçeşme Mahallesi, Pendik, İstanbul, Marmara Bölgesi, 34899, Türkiye"
pendik,camcesme,esenler,512,27,40.872231,29.2705129,2.0,0.0,"Çamçeşme Mahallesi, Pendik, İstanbul, Marmara Bölgesi, Türkiye"
pendik,camcesme,fevzi cakmak,513,35,40.872231,29.2705129,2.0,0.0,"Çamçeşme Mahallesi, Pendik, İstanbul, Marmara Bölgesi, Türkiye"
pendik,camcesme,kavakpinar,514,46,40.8693374,29.2809034,1.0,0.0,"Kavakpınar, Kurtköy-Pendik Bağlantısı, Atabey, Kavakpınar Mahallesi, Pendik, İstanbul, Marmara Bölgesi, 34899, Türkiye"
pendik,carsi,bati,515,17,40.9153788,29.2982399,2.0,0.0,"Üstün Çarşı, Kurtköy Mahallesi, Pendik, İstanbul, Marmara Bölgesi, Türkiye"
pendik,carsi,dogu,516,18,40.9153788,29.2982399,2.0,0.0,"Üstün Çarşı, Kurtköy Mahallesi, Pendik, İstanbul, Marmara Bölgesi, Türkiye"
pendik,carsi,kaynarca,517,37,40.9153788,29.2982399,2.0,0.0,"Üstün Çarşı, Kurtköy Mahallesi, Pendik, İstanbul, Marmara Bölgesi, Türkiye"
pendik,dolayoba,cinardere,518,34,40.8981608,29.238255,1.0,0.0,"Çınardere Yeni Camii, Ayazma Küme Sokak, Dolayoba, Çınardere Mahallesi, Pendik, İstanbul, Marmara Bölgesi, 34896, Türkiye"
pendik,dolayoba,dumlupinar,519,22,40.8933739,29.2440197,2.0,0.0,"Dolayoba, Çınardere Mahallesi, Pendik, İstanbul, Marmara Bölgesi, 34896, Türkiye"
pendik,dolayoba,orta,520,1,40.8933739,29.2440197,2.0,0.0,"Dolayoba, Çınardere Mahallesi, Pendik, İstanbul, Marmara Bölgesi, 34896, Türkiye"
pendik,dolayoba,velibaba,521,35,40.8933739,29.2440197,2.0,0.0,"Dolayoba, Çınardere Mahallesi, Pendik, İstanbul, Marmara Bölgesi, 34896, Türkiye"
pendik,esenyali,ahmet yesevi,522,26,40.8624956,29.2950466,2.0,0.0,"Esenyalı Mahallesi, Pendik, İstanbul, Marmara Bölgesi, Türkiye"
pendik,esenyali,esenyali,523,15,40.8587489,29.2938594,1.0,0.0,"Esenyalı Çocuk Parkı, Esenyalı Mahallesi, Pendik, İstanbul, Marmara Bölgesi, 34903, Türkiye"
pendik,esenyali,fatih,524,13,40.8624956,29.2950466,2.0,0.0,"Esenyalı Mahallesi, Pendik, İstanbul, Marmara Bölgesi, Türkiye"
pendik,esenyali,guzelyali,525,20,40.8624956,29.2950466,2.0,0.0,"Esenyalı Mahallesi, Pendik, İstanbul, Marmara Bölgesi, Türkiye"
pendik,esenyali,orhangazi,526,17,40.8624956,29.2950466,2.0,0.0,"Esenyalı Mahallesi, Pendik, İstanbul, Marmara Bölgesi, Türkiye"
pendik,koyler,gocbeyli,527,1,40.8768715,29.2349672,3.0,1.0,"Pendik, İstanbul, Marmara Bölgesi, Türkiye"
pendik,seyhli,gullu baglar,528,20,40.9069317,29.2844986,2.0,0.0,"Şeyhli Mahallesi, Pendik, İstanbul, Marmara Bölgesi, Türkiye"
pendik,seyhli,sanayi,529,2,40.9020614,29.2938092,1.0,0.0,"Sanayi Caddesi, Ramazanoğlu Mahallesi, Pendik, İstanbul, Marmara Bölgesi, 34906, Türkiye"
pendik,seyhli,seyhli,530,6,40.9049519,29.2851031,1.0,0.0,"Şeyhli, Kaynarca Caddesi, Şeyhli Mahallesi, Pendik, İstanbul, Marmara Bölgesi, 34906, Türkiye"
pendik,yayalar,merkez,531,16,40.9027998,29.267275,2.0,0.0,"Yayalar Mahallesi, Pendik, İstanbul, Marmara Bölgesi, Türkiye"
pendik,yayalar,suluntepe,532,20,40.9027998,29.267275,2.0,0.0,"Yayalar Mahallesi, Pendik, İstanbul, Marmara Bölgesi, Türkiye"
pendik,yenisehir,camlik,533,36,40.926903,29.287591,1.0,0.0,"Çamlık Sitesi, Selçuklu Caddesi, Yenişehir Mahallesi, Pendik, İstanbul, Marmara Bölgesi, 34912, Türkiye"
pendik,yenisehir,harmandere,534,39,40.929112,29.323396,1.0,0.0,"Harmandere, Ankara Caddesi, Harmandere Mahallesi, Pendik, İstanbul, Marmara Bölgesi, 34912, Türkiye"
pendik,yenisehir,kurtkoy,535,65,40.9378875,29.3290582,1.0,0.0,"Kurtköy, Kurtköy Kavşağı, Yenişehir Mahallesi, Pendik, İstanbul, Marmara Bölgesi, 34912, Türkiye"
pendik,yenisehir,yenisehir,536,189,40.9457707,29.3087667,1.0,0.0,"Yenişehir Mesire Alanı, Yenişehir Mahallesi, Pendik, İstanbul, Marmara Bölgesi, 34912, Türkiye"
sancaktepe,samandira,abdurrahmangazi,537,75,40.9873715,29.2280614,1.0,0.0,"Abdurrahmangazi Caddesi, Samandıra, Abdurrahmangazi Mahallesi, Sancaktepe, İstanbul, Marmara Bölgesi, 34887, Türkiye"
sancaktepe,samandira,akpinar,538,18,40.9853835,29.229541,2.0,0.0,"Samandıra, Abdurrahmangazi Mahallesi, Sancaktepe, İstanbul, Marmara Bölgesi, 34887, Türkiye"
sancaktepe,samandira,eyup sultan,539,26,40.9853835,29.229541,2.0,0.0,"Samandıra, Abdurrahmangazi Mahallesi, Sancaktepe, İstanbul, Marmara Bölgesi, 34887, Türkiye"
sancaktepe,samandira,fatih,540,32,40.965307,29.2129489,1.0,0.0,"Sancaktepe Fatih Borsa İstanbul Mesleki ve Teknik Anadolu Lisesi, Samandıra Caddesi, Ortadağ, Fatih Mahallesi, Sancaktepe, İstanbul, Marmara Bölgesi, 34885, Türkiye"
sancaktepe,samandira,osmangazi,541,48,40.9908875,29.224174,1.0,0.0,"Osmangazi Caddesi, Samandıra, Abdurrahmangazi Mahallesi, Sancaktepe, İstanbul, Marmara Bölgesi, 34887, Türkiye"
sancaktepe,samandira,veysel karani,542,26,40.9853835,29.229541,2.0,0.0,"Samandıra, Abdurrahmangazi Mahallesi, Sancaktepe, İstanbul, Marmara Bölgesi, 34887, Türkiye"
sancaktepe,sarigazi,ataturk,543,28,41.0084266,29.2041936,1.0,0.0,"Atatürk Caddesi, Sarıgazi, Sarıgazi Mahallesi, Sancaktepe, İstanbul, Marmara Bölgesi, 34785, Türkiye"
sancaktepe,sarigazi,emek,544,47,41.0018878,29.2020479,1.0,0.0,"Emek Metro İnşaat Alanı (M13), Emek Mahallesi, Sancaktepe, İstanbul, Marmara Bölgesi, Türkiye"
sancaktepe,sarigazi,i̇nonu,545,19,41.0100295,29.2126756,2.0,0.0,"Sarıgazi, Termal Sokağı, İnönü Mahallesi, Sancaktepe, İstanbul, Marmara Bölgesi, 34785, Türkiye"
sancaktepe,sarigazi,kemal turkler,546,21,41.0100295,29.2126756,2.0,0.0,"Sarıgazi, Termal Sokağı, İnönü Mahallesi, Sancaktepe, İstanbul, Marmara Bölgesi, 34785, Türkiye"
sancaktepe,sarigazi,meclis,547,39,41.0100295,29.2126756,2.0,0.0,"Sarıgazi, Termal Sokağı, İnönü Mahallesi, Sancaktepe, İstanbul, Marmara Bölgesi, 34785, Türkiye"
sancaktepe,sarigazi,sarigazi,548,22,41.0084128,29.2138943,1.0,0.0,"Sarıgazi, Sarıgazi Mahallesi, Sancaktepe, İstanbul, Marmara Bölgesi, 34785, Türkiye"
sancaktepe,yenidogan,hilal,549,3,41.013189,29.2416963,2.0,0.0,"Yenidoğan Mahallesi, Sancaktepe, İstanbul, Marmara Bölgesi, Türkiye"
sancaktepe,yenidogan,merve,550,11,41.0083247,29.2400459,1.0,0.0,"Merve Mahallesi, Atatürk Caddesi, Yenidoğan, Yenidoğan Mahallesi, Sancaktepe, İstanbul, Marmara Bölgesi, 34791, Türkiye"
sancaktepe,yenidogan,mevlana,551,26,41.013189,29.2416963,2.0,0.0,"Yenidoğan Mahallesi, Sancaktepe, İstanbul, Marmara Bölgesi, Türkiye"
sancaktepe,yenidogan,safa,552,29,41.013189,29.2416963,2.0,0.0,"Yenidoğan Mahallesi, Sancaktepe, İstanbul, Marmara Bölgesi, Türkiye"
sancaktepe,yenidogan,yenidogan,553,11,41.0140074,29.2456766,1.0,0.0,"Yenidoğan, Yenidoğan Mahallesi, Sancaktepe, İstanbul, Marmara Bölgesi, 34791, Türkiye"
sancaktepe,yenidogan,yunus emre,554,25,41.013189,29.2416963,2.0,0.0,"Yenidoğan Mahallesi, Sancaktepe, İstanbul, Marmara Bölgesi, Türkiye"
sariyer,bahcekoy,bahcekoy kemer,555,2,41.1709383,28.9911451,1.0,0.0,"Bahçeköy Kemer Mahallesi Muhtarlığı, Valide Sultan Caddesi, Bahçeköy, Bahçeköy Merkez Mahallesi, Sarıyer, İstanbul, Marmara Bölgesi, 34473, Türkiye"
sariyer,bahcekoy,bahcekoy merkez,556,6,41.179861,28.992931,1.0,0.0,"Bahçeköy Merkez, Adnan Menderes Caddesi, Bahçeköy, Bahçeköy Yeni Mahalle, Sarıyer, İstanbul, Marmara Bölgesi, 34473, Türkiye"
sariyer,bahcekoy,bahcekoy yeni,557,3,41.179506,28.9918685,1.0,0.0,"Bahçeköy Yeni Camii, Bahçeköy Merkez Cami Sokağı, Bahçeköy, Bahçeköy Merkez Mahallesi, Sarıyer, İstanbul, Marmara Bölgesi, 34473, Türkiye"
sariyer,buyukdere,buyukdere,558,17,41.16111,29.044237,1.0,0.0,"Büyükdere, Çayırbaşı Caddesi, Büyükdere Mahallesi, Sarıyer, İstanbul, Marmara Bölgesi, 34453, Türkiye"
sariyer,buyukdere,cayirbasi,559,1,41.1659189,29.0324461,1.0,0.0,"Çayırbaşı Tüneli, Kocataş Mahallesi, Sarıyer, İstanbul, Marmara Bölgesi, 34453, Türkiye"
sariyer,buyukdere,kazim karabekir pasa,560,7,41.1602485,29.0421459,2.0,0.0,"Büyükdere Mahallesi, Sarıyer, İstanbul, Marmara Bölgesi, Türkiye"
sariyer,buyukdere,ptt evleri,561,2,41.1602485,29.0421459,2.0,0.0,"Büyükdere Mahallesi, Sarıyer, İstanbul, Marmara Bölgesi, Türkiye"
sariyer,emirgan,merkez,562,6,41.103131,29.0536894,2.0,0.0,"Emirgan Mahallesi, Sarıyer, İstanbul, Marmara Bölgesi, Türkiye"
sariyer,emirgan,resitpasa,563,19,41.103131,29.0536894,2.0,0.0,"Emirgan Mahallesi, Sarıyer, İstanbul, Marmara Bölgesi, Türkiye"
sariyer,i̇stinye,i̇stinye,564,16,41.1132509,29.0611679,1.0,0.0,"İstinye, İstinye Caddesi, İstinye Mahallesi, Sarıyer, İstanbul, Marmara Bölgesi, 34460, Türkiye"
sariyer,i̇stinye,pinar,565,6,41.1105921,29.0340644,1.0,0.0,"The KASE Turkey Maazası, Katar Caddesi, Pınar Mahallesi, Sarıyer, İstanbul, Marmara Bölgesi, 34460, Türkiye"
sariyer,i̇stinye,poligon,566,6,41.1150511,29.055486,2.0,0.0,"İstinye Mahallesi, Sarıyer, İstanbul, Marmara Bölgesi, Türkiye"
sariyer,koyler,garipce,567,1,41.2081994,29.0227278,2.0,0.0,"Sarıyer Belediyesi Köyler Hizmet Birimi, 4. Cadde, Zekeriyaköy Mahallesi, Sarıyer, İstanbul, Marmara Bölgesi, 34450, Türkiye"
sariyer,koyler,kumkoy,568,3,41.2081994,29.0227278,2.0,0.0,"Sarıyer Belediyesi Köyler Hizmet Birimi, 4. Cadde, Zekeriyaköy Mahallesi, Sarıyer, İstanbul, Marmara Bölgesi, 34450, Türkiye"
sariyer,koyler,uskumrukoy,569,8,41.2081994,29.0227278,2.0,0.0,"Sarıyer Belediyesi Köyler Hizmet Birimi, 4. Cadde, Zekeriyaköy Mahallesi, Sarıyer, İstanbul, Marmara Bölgesi, 34450, Türkiye"
sariyer,koyler,zekeriyakoy,570,53,41.2081994,29.0227278,2.0,0.0,"Sarıyer Belediyesi Köyler Hizmet Birimi, 4. Cadde, Zekeriyaköy Mahallesi, Sarıyer, İstanbul, Marmara Bölgesi, 34450, Türkiye"
sariyer,merkez,ayazaga,571,89,41.1717313,29.0518358,2.0,0.0,"Merkez, Merkez Mahallesi, Sarıyer, İstanbul, Marmara Bölgesi, 34450, Türkiye"
sariyer,merkez,huzur,572,55,41.1717313,29.0518358,2.0,0.0,"Merkez, Merkez Mahallesi, Sarıyer, İstanbul, Marmara Bölgesi, 34450, Türkiye"
sariyer,merkez,maslak,573,113,41.1717313,29.0518358,2.0,0.0,"Merkez, Merkez Mahallesi, Sarıyer, İstanbul, Marmara Bölgesi, 34450, Türkiye"
sariyer,rumelihisari,baltalimani,574,2,41.0925449,29.0549667,1.0,0.0,"Baltalimanı Hisar Caddesi, Baltalimanı Mahallesi, Sarıyer, İstanbul, Marmara Bölgesi, 34470, Türkiye"
sariyer,rumelihisari,fatih sultan mehmet,575,5,41.0912283,29.0611742,1.0,0.0,"Fatih Sultan Mehmet Köprüsü, Rumelihisarı Mahallesi, Sarıyer, İstanbul, Marmara Bölgesi, Türkiye"
sariyer,rumelihisari,rumeli hisari,576,12,41.0849171,29.0567125,1.0,0.0,"Rumeli Hisarı, Hisar Cafe & Restaurant, Rumelihisarı Mahallesi, Sarıyer, İstanbul, Marmara Bölgesi, 34470, Türkiye"
sariyer,sariyer,maden,577,43,41.1817996,29.0379835,1.0,0.0,"Maden Mahallesi, Sarıyer, İstanbul, Marmara Bölgesi, Türkiye"
sariyer,sariyer,sariyer merkez,578,10,41.1695338,29.0555158,1.0,0.0,"Merkez Mahallesi, Sarıyer, İstanbul, Marmara Bölgesi, Türkiye"
sariyer,sariyer,yeni,579,5,41.1897861,28.9861797,1.0,0.0,"İkinci Mahmut Bendi, Bahçeköy Merkez Mahallesi, Sarıyer, İstanbul, Marmara Bölgesi, 34473, Türkiye"
sariyer,tarabya,camlitepe,580,1,41.1385739,29.0530421,2.0,0.0,"Tarabya Mahallesi, Sarıyer, İstanbul, Marmara Bölgesi, Türkiye"
sariyer,tarabya,cumhuriyet,581,19,41.1401701,29.0312962,1.0,0.0,"Cumhuriyet Mahallesi, Öz Gül Sokağı, Tarabya Mahallesi, Sarıyer, İstanbul, Marmara Bölgesi, 34457, Türkiye"
sariyer,tarabya,darussafaka,582,8,41.1385739,29.0530421,2.0,0.0,"Tarabya Mahallesi, Sarıyer, İstanbul, Marmara Bölgesi, Türkiye"
sariyer,tarabya,ferahevler,583,22,41.137749,29.037918,1.0,0.0,"Ferahevler Yolu, Tarabya Bayırı Caddesi, Tarabya Mahallesi, Sarıyer, İstanbul, Marmara Bölgesi, 34457, Türkiye"
sariyer,tarabya,kirecburnu,584,21,41.148044,29.046129,1.0,0.0,"Kireçburnu, Haydar Aliyev Caddesi, Kireçburnu Mahallesi, Sarıyer, İstanbul, Marmara Bölgesi, 34457, Türkiye"
sariyer,tarabya,merkez,585,50,41.1399083,29.0337079,1.0,0.0,"Merkez Kort, Lale Sokağı / Sevgi Lalesi Sokağı, Tarabya Mahallesi, Sarıyer, İstanbul, Marmara Bölgesi, 34457, Türkiye"
sariyer,yenikoy,yenikoy,586,16,41.121543,29.070128,1.0,0.0,"Yeniköy, Yeniköy Tarabya Caddesi, Yeniköy Mahallesi, Sarıyer, İstanbul, Marmara Bölgesi, 34464, Türkiye"
sile,agva,agva merkez,587,5,,,,,
sile,koyler,ahmetli,588,6,,,,,
sile,koyler,akcakese,589,1,,,,,
sile,koyler,i̇mrendere,590,1,,,,,
sile,koyler,i̇mrenli,591,3,,,,,
sile,koyler,karacakoy,592,1,,,,,
sile,koyler,mesrutiyet,593,5,,,,,
sile,sile,balibey,594,11,,,,,
sile,sile,cavus,595,36,,,,,
sile,sile,haci kasim,596,1,,,,,
sile,sile,kumbaba,597,5,,,,,
silivri,canta,canta balaban,598,5,,,,,
silivri,canta,canta sancaktepe,599,10,,,,,
silivri,degirmenkoy,degirmenkoy fevzipasa,600,4,,,,,
silivri,degirmenkoy,degirmenkoy i̇smetpasa,601,4,,,,,
silivri,gumusyaka,gumusyaka,602,5,,,,,
silivri,koyler,seymen,603,1,,,,,
silivri,ortakoy,ortakoy,604,4,,,,,
silivri,selimpasa,selimpasa,605,32,,,,,
silivri,silivri,alibey,606,15,,,,,
silivri,silivri,alipasa,607,2,,,,,
silivri,silivri,cumhuriyet,608,7,,,,,
silivri,silivri,fatih,609,6,,,,,
silivri,silivri,mimar sinan,610,37,,,,,
silivri,silivri,piri mehmet pasa,611,11,,,,,
silivri,silivri,semizkumlar,612,4,,,,,
silivri,silivri,yeni,613,60,,,,,
sisli,19 mayis,19 mayis,614,40,41.0609562,28.9898071,1.0,0.0,"19 Mayıs Caddesi, 19 Mayıs Mahallesi, Osmanbey, Şişli, İstanbul, Marmara Bölgesi, 34363, Türkiye"
sisli,bozkurt,eskisehir,615,34,41.0498994,28.984135,2.0,0.0,"Bozkurt Mahallesi, Pangaltı, Şişli, İstanbul, Marmara Bölgesi, 34373, Türkiye"
sisli,bozkurt,merkez,616,24,41.0498994,28.984135,2.0,0.0,"Bozkurt Mahallesi, Pangaltı, Şişli, İstanbul, Marmara Bölgesi, 34373, Türkiye"
sisli,cumhuriyet,merkez,617,48,41.0581981,28.9851918,1.0,0.0,"Şişli Merkez Aile Sağlığı Merkezi, 23, Oktay Cebeci Sokağı, Merkez Mahallesi, Bomonti, Şişli, İstanbul, Marmara Bölgesi, 34384, Türkiye"
sisli,duatepe,merkez,618,14,41.0529954,28.9776318,1.0,0.0,"Feriköy Behram Çavuş Merkez Cami, Behram Çavuş Sokağı, Paşa, Paşa Mahallesi, Şişli, İstanbul, Marmara Bölgesi, 34379, Türkiye"
sisli,duatepe,pasa,619,33,41.0517132,28.9792936,1.0,0.0,"Mahmut Şevket Paşa Ortaokulu, Gediz Sokağı, Duatepe Mahallesi, Feriköy Mahallesi, Şişli, İstanbul, Marmara Bölgesi, 34377, Türkiye"
sisli,esentepe,merkez,620,28,41.0694554,29.0073725,1.0,0.0,"Jolly Tours - Merkez Ofis, Hikaye Sokağı, Zincirlikuyu, Esentepe Mahallesi, Şişli, İstanbul, Marmara Bölgesi, 34394, Türkiye"
sisli,ferikoy,ferikoy,621,24,41.0534776,28.9817604,1.0,0.0,"Özel Feriköy Ermeni Okulu, Çobanoğlu Sokağı, Duatepe Mahallesi, Feriköy Mahallesi, Şişli, İstanbul, Marmara Bölgesi, 34377, Türkiye"
sisli,ferikoy,yayla,622,13,41.0490846,28.9794103,2.0,0.0,"Feriköy Mahallesi, Şişli, İstanbul, Marmara Bölgesi, 34377, Türkiye"
sisli,fulya,merkez,623,57,41.066013,28.9950587,1.0,0.0,"Merkez Caddesi, Merkez Mahallesi, Osmanbey, Şişli, İstanbul, Marmara Bölgesi, 34384, Türkiye"
sisli,gulbahar,gulbahar,624,99,41.0733428,28.9963537,1.0,0.0,"Gülbahar Caddesi, Mecidiyeköy Mahallesi, Şişli, İstanbul, Marmara Bölgesi, 34381, Türkiye"
sisli,halide edip,halide edip adivar,625,30,41.0621583,28.9755772,1.0,0.0,"Halide Edip Adıvar Parkı, Halide Edip Adıvar Mahallesi, Şişli, İstanbul, Marmara Bölgesi, Türkiye"
sisli,harbiye,i̇nonu,626,28,41.0452381,28.9910139,2.0,0.0,"Harbiye Mahallesi, Şişli, İstanbul, Marmara Bölgesi, 34367, Türkiye"
sisli,harbiye,merkez,627,4,41.0452381,28.9910139,2.0,0.0,"Harbiye Mahallesi, Şişli, İstanbul, Marmara Bölgesi, 34367, Türkiye"
sisli,mecidiyekoy,i̇zzet pasa,628,17,41.0700421,28.9962529,2.0,0.0,"Mecidiyeköy Mahallesi, Osmanbey, Şişli, İstanbul, Marmara Bölgesi, Türkiye"
sisli,mecidiyekoy,kustepe,629,42,41.0700421,28.9962529,2.0,0.0,"Mecidiyeköy Mahallesi, Osmanbey, Şişli, İstanbul, Marmara Bölgesi, Türkiye"
sisli,mecidiyekoy,mecidiyekoy,630,92,41.0668048,28.992731,1.0,0.0,"Mecidiyeköy, 1. Çevre Yolu, Mecidiyeköy Mahallesi, Osmanbey, Şişli, İstanbul, Marmara Bölgesi, 34381, Türkiye"
sisli,mesrutiyet,mesrutiyet,631,42,41.0542957,28.9929665,1.0,0.0,"Meşrutiyet Hamidiye Camii, Özlem Sokağı, Meşrutiyet Mahallesi, Nişantaşı, Şişli, İstanbul, Marmara Bölgesi, 34363, Türkiye"
sisli,nisantasi,halaskargazi,632,10,41.0514835,28.9888479,1.0,0.0,"Halaskargazi Mahallesi, Nişantaşı, Şişli, İstanbul, Marmara Bölgesi, 34371, Türkiye"
sisli,okmeydani,halil rifat pasa,633,10,41.057578,28.968949,1.0,0.0,"Halil Rifat Paşa, Ertan Sokağı, Okmeydanı, Halil Rıfat Paşa Mahallesi, Şişli, İstanbul, Marmara Bölgesi, 34384, Türkiye"
sisli,okmeydani,kaptan pasa,634,2,41.0623809,28.9699157,2.0,0.0,"Okmeydanı, Halil Rıfat Paşa Mahallesi, Şişli, İstanbul, Marmara Bölgesi, 34384, Türkiye"
sisli,okmeydani,mahmut sevket pasa,635,9,41.0623809,28.9699157,2.0,0.0,"Okmeydanı, Halil Rıfat Paşa Mahallesi, Şişli, İstanbul, Marmara Bölgesi, 34384, Türkiye"
sisli,sisli,ergenekon,636,17,41.0489803,28.9864057,1.0,0.0,"Ergenekon Mahallesi, Şişli, İstanbul, Marmara Bölgesi, 34373, Türkiye"
sisli,sisli,merkez,637,63,41.0634057,28.9845271,1.0,0.0,"Merkez Mahallesi, Osmanbey, Şişli, İstanbul, Marmara Bölgesi, Türkiye"
sisli,tesvikiye,tesvikiye,638,63,41.0493802,28.9942805,1.0,0.0,"Teşvikiye Camii, Ahmet Fetgeri Sokağı, Teşvikiye Mahallesi, Nişantaşı, Şişli, İstanbul, Marmara Bölgesi, 34365, Türkiye"
sultanbeyli,mehmetakif,abdurrahmangazi,639,16,40.9670242,29.2671314,3.0,1.0,"Sultanbeyli, İstanbul, Marmara Bölgesi, Türkiye"
sultanbeyli,mehmetakif,fatih,640,3,40.9670242,29.2671314,3.0,1.0,"Sultanbeyli, İstanbul, Marmara Bölgesi, Türkiye"
sultanbeyli,mehmetakif,hasanpasa,641,25,40.9670242,29.2671314,3.0,1.0,"Sultanbeyli, İstanbul, Marmara Bölgesi, Türkiye"
sultanbeyli,mehmetakif,mehmet akif,642,28,40.9670242,29.2671314,3.0,1.0,"Sultanbeyli, İstanbul, Marmara Bölgesi, Türkiye"
sultanbeyli,mimarsinan,adil,643,46,40.9670242,29.2671314,3.0,1.0,"Sultanbeyli, İstanbul, Marmara Bölgesi, Türkiye"
sultanbeyli,mimarsinan,battalgazi,644,46,40.9670242,29.2671314,3.0,1.0,"Sultanbeyli, İstanbul, Marmara Bölgesi, Türkiye"
sultanbeyli,mimarsinan,mimar sinan,645,41,40.9670242,29.2671314,3.0,1.0,"Sultanbeyli, İstanbul, Marmara Bölgesi, Türkiye"
sultanbeyli,necipfazil,aksemsettin,646,13,40.9670242,29.2671314,3.0,1.0,"Sultanbeyli, İstanbul, Marmara Bölgesi, Türkiye"
sultanbeyli,necipfazil,hamidiye,647,9,40.9670242,29.2671314,3.0,1.0,"Sultanbeyli, İstanbul, Marmara Bölgesi, Türkiye"
sultanbeyli,necipfazil,necip fazil,648,21,40.9670242,29.2671314,3.0,1.0,"Sultanbeyli, İstanbul, Marmara Bölgesi, Türkiye"
sultanbeyli,necipfazil,orhangazi,649,26,40.9670242,29.2671314,3.0,1.0,"Sultanbeyli, İstanbul, Marmara Bölgesi, Türkiye"
sultanbeyli,necipfazil,yavuz selim,650,15,40.9670242,29.2671314,3.0,1.0,"Sultanbeyli, İstanbul, Marmara Bölgesi, Türkiye"
sultanbeyli,turgutreis,ahmet yesevi,651,14,40.9666377,29.2804313,2.0,0.0,"Turgutreis eczane, İbrahim Hakkı Sokağı, Turgut Reis Mahallesi, Sultanbeyli, İstanbul, Marmara Bölgesi, 34930, Türkiye"
sultanbeyli,turgutreis,mecidiye,652,10,40.9666377,29.2804313,2.0,0.0,"Turgutreis eczane, İbrahim Hakkı Sokağı, Turgut Reis Mahallesi, Sultanbeyli, İstanbul, Marmara Bölgesi, 34930, Türkiye"
sultanbeyli,turgutreis,turgut reis,653,9,40.9666377,29.2804313,2.0,0.0,"Turgutreis eczane, İbrahim Hakkı Sokağı, Turgut Reis Mahallesi, Sultanbeyli, İstanbul, Marmara Bölgesi, 34930, Türkiye"
sultangazi,cebeci,habibler,654,3,41.1209088,28.8510308,1.0,0.0,"Habibler, Kuzey Marmara Otoyolu, Cebeci Mahallesi, Sultangazi, İstanbul, Marmara Bölgesi, 34270, Türkiye"
sultangazi,cebeci,i̇smetpasa,655,7,41.112596,28.85767,1.0,0.0,"İsmetpaşa Mahallesi, Eski Edirne Asfaltı, Cebeci Mahallesi, Sultangazi, İstanbul, Marmara Bölgesi, 34270, Türkiye"
sultangazi,cebeci,merkez,656,18,41.109661,28.8661504,1.0,0.0,"Cebeci Merkez Taksi, 2542. Sokak, Cebeci Mahallesi, Sultangazi, İstanbul, Marmara Bölgesi, 34270, Türkiye"
sultangazi,merkez,eski habipler,657,9,41.1040592,28.8611136,2.0,0.0,"Merkez Parti İlçe Başkanlığı, Osmangazi Alt Geçidi, Sultançiftliği Mahallesi, Sultangazi, İstanbul, Marmara Bölgesi, 34265, Türkiye"
sultangazi,sultanciftligi,50. yil,658,13,41.1003942,28.8609026,2.0,0.0,"Sultançiftliği Mahallesi, Sultangazi, İstanbul, Marmara Bölgesi, Türkiye"
sultangazi,sultanciftligi,cumhuriyet,659,2,41.1003942,28.8609026,2.0,0.0,"Sultançiftliği Mahallesi, Sultangazi, İstanbul, Marmara Bölgesi, Türkiye"
sultangazi,sultanciftligi,esentepe,660,6,41.1003942,28.8609026,2.0,0.0,"Sultançiftliği Mahallesi, Sultangazi, İstanbul, Marmara Bölgesi, Türkiye"
sultangazi,sultanciftligi,sultanciftligi,661,10,41.104248,28.861292,1.0,0.0,"Sultançiftliği, Osmangazi Alt Geçidi, Sultançiftliği Mahallesi, Sultangazi, İstanbul, Marmara Bölgesi, 34265, Türkiye"
sultangazi,sultanciftligi,ugur mumcu,662,10,41.1003942,28.8609026,2.0,0.0,"Sultançiftliği Mahallesi, Sultangazi, İstanbul, Marmara Bölgesi, Türkiye"
sultangazi,zubeydehanim,75. yil,663,2,41.1043344,28.8614367,3.0,1.0,"Sultangazi, İstanbul, Marmara Bölgesi, Türkiye"
sultangazi,zubeydehanim,gazi,664,14,41.1043344,28.8614367,3.0,1.0,"Sultangazi, İstanbul, Marmara Bölgesi, Türkiye"
sultangazi,zubeydehanim,yunus emre,665,27,41.1043344,28.8614367,3.0,1.0,"Sultangazi, İstanbul, Marmara Bölgesi, Türkiye"
sultangazi,zubeydehanim,zubeyde hanim,666,13,41.1043344,28.8614367,3.0,1.0,"Sultangazi, İstanbul, Marmara Bölgesi, Türkiye"
tuzla,akfirat,tepeoren,667,2,40.924894,29.42102,1.0,0.0,"Akfırat, 4. Cadde, Akfırat, Akfırat Mahallesi, Tuzla, İstanbul, Marmara Bölgesi, 34959, Türkiye"
tuzla,aydinli,aydinli,668,130,40.8682387,29.3281634,1.0,0.0,"Aydınlı, Başkomutan Caddesi, Aydınlı, Aydınlı Mahallesi, Tuzla, İstanbul, Marmara Bölgesi, 34953, Türkiye"
tuzla,i̇cmeler,aydintepe,669,69,40.8456867,29.3000382,2.0,0.0,"İçmeler, Harmanlı Sokak, İçmeler Mahallesi, Tuzla, İstanbul, Marmara Bölgesi, 34947, Türkiye"
tuzla,i̇cmeler,i̇cmeler,670,16,40.8456867,29.3000382,1.0,0.0,"İçmeler, Harmanlı Sokak, İçmeler Mahallesi, Tuzla, İstanbul, Marmara Bölgesi, 34947, Türkiye"
tuzla,i̇stasyon,i̇stasyon,671,40,40.8232404,29.3158907,1.0,0.0,"İstasyon Caddesi, İstasyon, İstasyon Mahallesi, Tuzla, İstanbul, Marmara Bölgesi, 34940, Türkiye"
tuzla,merkez,cami,672,11,40.8539785,29.2909271,2.0,0.0,"Denizciler Ticaret Merkez, Aydıntepe Mahallesi, Tuzla, İstanbul, Marmara Bölgesi, Türkiye"
tuzla,mimarsinan,mimar sinan,673,33,40.837001,29.3609669,2.0,0.0,"Mimarsinan Şifa Semt Polikliniği, Hakan Sokağı, Mimar Sinan, Mimar Sinan Mahallesi, Tuzla, İstanbul, Marmara Bölgesi, 34950, Türkiye"
tuzla,mimarsinan,sifa,674,20,40.837001,29.3609669,2.0,0.0,"Mimarsinan Şifa Semt Polikliniği, Hakan Sokağı, Mimar Sinan, Mimar Sinan Mahallesi, Tuzla, İstanbul, Marmara Bölgesi, 34950, Türkiye"
tuzla,orhanli,fatih,675,6,40.9118638,29.3422206,1.0,0.0,"Fatih Başaran Caddesi, Orhanlı, Orhanlı Mahallesi, Tuzla, İstanbul, Marmara Bölgesi, 34956, Türkiye"
tuzla,orhanli,mescit,676,13,40.894413,29.35526,1.0,0.0,"Mescit Mahallesi Muhtarlığı, Demokrasi Caddesi, Orhanlı, Orhanlı Mahallesi, Tuzla, İstanbul, Marmara Bölgesi, 34956, Türkiye"
tuzla,orhanli,orhanli,677,1,40.8941812,29.3569093,1.0,0.0,"Orhanlı, Orhanlı Mahallesi, Tuzla, İstanbul, Marmara Bölgesi, 34956, Türkiye"
tuzla,orhanli,orta,678,6,40.8941812,29.3569093,2.0,0.0,"Orhanlı, Orhanlı Mahallesi, Tuzla, İstanbul, Marmara Bölgesi, 34956, Türkiye"
tuzla,postane,merkez,679,26,40.8156645,29.2788253,1.0,0.0,"Tuzla Özel Eğitim Merkez Komutanlığı, Postane Mahallesi, Tuzla, İstanbul, Marmara Bölgesi, 34940, Türkiye"
tuzla,tersaneler,evliya celebi,680,24,40.8475776,29.2938104,2.0,0.0,"Tersaneler, Güzin Sk., Aydıntepe Mahallesi, Tuzla, İstanbul, Marmara Bölgesi, 34947, Türkiye"
tuzla,tersaneler,yayla,681,45,40.8475776,29.2938104,2.0,0.0,"Tersaneler, Güzin Sk., Aydıntepe Mahallesi, Tuzla, İstanbul, Marmara Bölgesi, 34947, Türkiye"
umraniye,asagidudullu,adem yavuz,682,5,41.0256362,29.0963049,3.0,1.0,"Ümraniye, İstanbul, Marmara Bölgesi, Türkiye"
umraniye,asagidudullu,asagi dudullu,683,22,41.0256362,29.0963049,3.0,1.0,"Ümraniye, İstanbul, Marmara Bölgesi, Türkiye"
umraniye,asagidudullu,cemil meric,684,16,41.0256362,29.0963049,3.0,1.0,"Ümraniye, İstanbul, Marmara Bölgesi, Türkiye"
umraniye,asagidudullu,huzur,685,7,41.0256362,29.0963049,3.0,1.0,"Ümraniye, İstanbul, Marmara Bölgesi, Türkiye"
umraniye,asagidudullu,parseller,686,17,41.0256362,29.0963049,3.0,1.0,"Ümraniye, İstanbul, Marmara Bölgesi, Türkiye"
umraniye,atakent,i̇stiklal,687,30,41.0207119,29.1087352,2.0,0.0,"Atakent Mahallesi, Ümraniye, İstanbul, Marmara Bölgesi, Türkiye"
umraniye,atakent,merkez,688,13,41.0207119,29.1087352,2.0,0.0,"Atakent Mahallesi, Ümraniye, İstanbul, Marmara Bölgesi, Türkiye"
umraniye,ataturk,ataturk,689,19,41.0308879,29.0965115,1.0,0.0,"Atatürk Caddesi, Elmalıkent Mahallesi, Ümraniye, İstanbul, Marmara Bölgesi, 34764, Türkiye"
umraniye,ataturk,tantavi,690,23,41.0276296,29.0860469,1.0,0.0,"Tantavi Köprüsü, Suiş Caddesi, Tantavi Mahallesi, Ümraniye, İstanbul, Marmara Bölgesi, 34764, Türkiye"
umraniye,cakmak,armaganevler,691,63,41.0215971,29.1186259,2.0,0.0,"Çakmak, Alemdağ Caddesi, Yamanevler Mahallesi, Ümraniye, İstanbul, Marmara Bölgesi, 34768, Türkiye"
umraniye,cakmak,cakmak,692,50,41.0201088,29.1255217,1.0,0.0,"Çakmak Cami Sokağı, Çakmak Mahallesi, Ümraniye, İstanbul, Marmara Bölgesi, 34774, Türkiye"
umraniye,cakmak,camlik,693,45,41.0138335,29.1255781,1.0,0.0,"Çakmak Çamlık Camii, Aşkın Sokağı, Çakmak Mahallesi, Ümraniye, İstanbul, Marmara Bölgesi, 34774, Türkiye"
umraniye,cakmak,finanskent,694,83,41.0215971,29.1186259,2.0,0.0,"Çakmak, Alemdağ Caddesi, Yamanevler Mahallesi, Ümraniye, İstanbul, Marmara Bölgesi, 34768, Türkiye"
umraniye,cakmak,site,695,35,41.0215971,29.1186259,2.0,0.0,"Çakmak, Alemdağ Caddesi, Yamanevler Mahallesi, Ümraniye, İstanbul, Marmara Bölgesi, 34768, Türkiye"
umraniye,esenevler,merkez,696,16,41.0121877,29.0922465,2.0,0.0,"Esenevler Mahallesi, Ümraniye, İstanbul, Marmara Bölgesi, Türkiye"
umraniye,esensehir,esenkent,697,17,41.0088277,29.1672835,2.0,0.0,"Esenşehir Mahallesi, Ümraniye, İstanbul, Marmara Bölgesi, Türkiye"
umraniye,esensehir,esensehir,698,28,41.0100617,29.1639575,1.0,0.0,"Esenşehir Mahallesi, Necip Fazıl Bulvarı, Yukarı Dudullu Mahallesi, Ümraniye, İstanbul, Marmara Bölgesi, 34775, Türkiye"
umraniye,esensehir,madenler,699,11,41.0088277,29.1672835,2.0,0.0,"Esenşehir Mahallesi, Ümraniye, İstanbul, Marmara Bölgesi, Türkiye"
umraniye,esensehir,necip fazil,700,18,41.0098826,29.1640081,1.0,0.0,"Necip Fazıl Bulvarı, Esenşehir Mahallesi, Ümraniye, İstanbul, Marmara Bölgesi, 34776, Türkiye"
umraniye,ihlamurkuyu,merkez,701,12,41.0179285,29.1373695,1.0,0.0,"Ihlamurkuyu Merkez Camii, Petrolyolu Caddesi, Ihlamurkuyu Mahallesi, Ümraniye, İstanbul, Marmara Bölgesi, 34771, Türkiye"
umraniye,kazimkarabekir,elmalikent,702,7,41.0256362,29.0963049,3.0,1.0,"Ümraniye, İstanbul, Marmara Bölgesi, Türkiye"
umraniye,kazimkarabekir,hekimbasi,703,1,41.0256362,29.0963049,3.0,1.0,"Ümraniye, İstanbul, Marmara Bölgesi, Türkiye"
umraniye,kazimkarabekir,kazim karabekir,704,5,41.0256362,29.0963049,3.0,1.0,"Ümraniye, İstanbul, Marmara Bölgesi, Türkiye"
umraniye,merkez,dumlupinar,705,3,41.0020154,29.110647,2.0,0.0,"Türkiye Cumhuriyet Merkez Bankası, Gazel Sokağı, Finanskent Mahallesi, Ümraniye, İstanbul, Marmara Bölgesi, 34760, Türkiye"
umraniye,merkez,fatih sultan mehmet,706,5,41.0020154,29.110647,2.0,0.0,"Türkiye Cumhuriyet Merkez Bankası, Gazel Sokağı, Finanskent Mahallesi, Ümraniye, İstanbul, Marmara Bölgesi, 34760, Türkiye"
umraniye,merkez,i̇nkilap,707,28,41.0020154,29.110647,2.0,0.0,"Türkiye Cumhuriyet Merkez Bankası, Gazel Sokağı, Finanskent Mahallesi, Ümraniye, İstanbul, Marmara Bölgesi, 34760, Türkiye"
umraniye,merkez,namik kemal,708,18,41.0020154,29.110647,2.0,0.0,"Türkiye Cumhuriyet Merkez Bankası, Gazel Sokağı, Finanskent Mahallesi, Ümraniye, İstanbul, Marmara Bölgesi, 34760, Türkiye"
umraniye,merkez,topagaci,709,5,41.0020154,29.110647,2.0,0.0,"Türkiye Cumhuriyet Merkez Bankası, Gazel Sokağı, Finanskent Mahallesi, Ümraniye, İstanbul, Marmara Bölgesi, 34760, Türkiye"
umraniye,merkez,yamanevler,710,35,41.0020154,29.110647,2.0,0.0,"Türkiye Cumhuriyet Merkez Bankası, Gazel Sokağı, Finanskent Mahallesi, Ümraniye, İstanbul, Marmara Bölgesi, 34760, Türkiye"
umraniye,serifali,mehmet akif,711,34,41.0004717,29.1458001,2.0,0.0,"Şerifali Mahallesi, Ümraniye, İstanbul, Marmara Bölgesi, Türkiye"
umraniye,serifali,serifali,712,22,41.003322,29.1429063,1.0,0.0,"Şerifali Muhtarlığı, Çetin Caddesi, Mehmet Akif Mahallesi, Ümraniye, İstanbul, Marmara Bölgesi, 34774, Türkiye"
umraniye,serifali,tatlisu,713,64,41.0004717,29.1458001,2.0,0.0,"Şerifali Mahallesi, Ümraniye, İstanbul, Marmara Bölgesi, Türkiye"
umraniye,tepeustu,tepeustu,714,9,41.0199507,29.1299028,1.0,0.0,"Tepeüstü, Alemdağ Caddesi, Tepeüstü Mahallesi, Ümraniye, İstanbul, Marmara Bölgesi, 34771, Türkiye"
umraniye,yukaridudullu,altinsehir,715,13,41.0150986,29.1430696,1.0,0.0,"Altınşehir Mahalle Muhtarlığı, Natoyolu Caddesi, Altınşehir Mahallesi, Ümraniye, İstanbul, Marmara Bölgesi, 34775, Türkiye"
umraniye,yukaridudullu,yukari dudullu,716,13,41.0154656,29.1592972,1.0,0.0,"Yukarı Dudullu Mezarlığı, Yukarı Dudullu Mahallesi, Ümraniye, İstanbul, Marmara Bölgesi, Türkiye"
uskudar,acibadem,acibadem,717,43,41.0023323,29.0444009,1.0,0.0,"Acıbadem, Eski D-100 Karayolu, Acıbadem Mahallesi, Kadıköy, İstanbul, Marmara Bölgesi, 34718, Türkiye"
uskudar,altunizade,barbaros,718,31,41.0172645,29.0316938,1.0,0.0,"Barbaros, Nuhkuyusu Caddesi, Barbaros Mahallesi, Üsküdar, İstanbul, Marmara Bölgesi, 34662, Türkiye"
uskudar,altunizade,merkez,719,12,41.0247468,29.0387029,1.0,0.0,"Üsküdar Üniversitesi Merkez Yerleşkesi B Blok, 11, Üniversite Sokak, Altunizade Mahallesi, Üsküdar, İstanbul, Marmara Bölgesi, 34626, Türkiye"
uskudar,baglarbasi,i̇cadiye,720,17,41.0214561,29.0368747,2.0,0.0,"Bağlarbaşı, Mahir İz Caddesi, Altunizade Mahallesi, Üsküdar, İstanbul, Marmara Bölgesi, 34662, Türkiye"
uskudar,baglarbasi,murat reis,721,9,41.0184436,29.0276171,1.0,0.0,"Murat Reis Camii, Tahtaravancı Sokağı, Bağlarbaşı, Valide-i Atik Mahallesi, Üsküdar, İstanbul, Marmara Bölgesi, 34664, Türkiye"
uskudar,baglarbasi,selami ali,722,10,41.0214561,29.0368747,2.0,0.0,"Bağlarbaşı, Mahir İz Caddesi, Altunizade Mahallesi, Üsküdar, İstanbul, Marmara Bölgesi, 34662, Türkiye"
uskudar,baglarbasi,valide-i atik,723,15,41.0179332,29.0216367,1.0,0.0,"Valide-i Atik Hamamı, Doktor Fahri Atabey Caddesi, Bağlarbaşı, Valide-i Atik Mahallesi, Üsküdar, İstanbul, Marmara Bölgesi, 34664, Türkiye"
uskudar,bahcelievler,bahcelievler,724,45,41.0574135,29.0731958,1.0,0.0,"Bahçelievler, Atabek Caddesi, Bahçelievler Mahallesi, Üsküdar, İstanbul, Marmara Bölgesi, 34688, Türkiye"
uskudar,beylerbeyi,burhaniye,725,21,41.0417926,29.0465456,2.0,0.0,"Beylerbeyi Mahallesi, Üsküdar, İstanbul, Marmara Bölgesi, Türkiye"
uskudar,beylerbeyi,kupluce,726,15,41.0394493,29.0521304,1.0,0.0,"Küplüce, Beylerbeyi Çamlıca Caddesi, Beylerbeyi Mahallesi, Üsküdar, İstanbul, Marmara Bölgesi, 34676, Türkiye"
uskudar,beylerbeyi,merkez,727,8,41.0401617,29.0433216,1.0,0.0,"M14 Merkez Şantiye, Beylerbeyi Mahallesi, Üsküdar, İstanbul, Marmara Bölgesi, Türkiye"
uskudar,bulgurlu,cumhuriyet,728,39,41.0141333,29.0813554,1.0,0.0,"Cumhuriyet Mahallesi Muhtarlığı, Esatpaşa Caddesi, Cumhuriyet Mahallesi, Üsküdar, İstanbul, Marmara Bölgesi, 34697, Türkiye"
uskudar,bulgurlu,merkez,729,37,41.0187358,29.0751073,1.0,0.0,"Bulgurlu Merkez Eczanesi, Gürpınar Caddesi, Bulgurlu Mahallesi, Üsküdar, İstanbul, Marmara Bölgesi, 34696, Türkiye"
uskudar,camlica,kucuk camlica,730,7,41.0139574,29.060337,1.0,0.0,"Küçük Çamlıca;Küçükçamlıca, Üçpınarlar Caddesi, Libadiye, Küçük Çamlıca Mahallesi, Üsküdar, İstanbul, Marmara Bölgesi, 34696, Türkiye"
uskudar,cengelkoy,cengelkoy,731,27,41.0536223,29.0548905,1.0,0.0,"Vahdettin Köşkü, Hasanpaşa Setti Yukarı Sokağı, Çengelköy Mahallesi, Üsküdar, İstanbul, Marmara Bölgesi, 34680, Türkiye"
uskudar,cengelkoy,guzeltepe,732,34,41.0492922,29.0566474,1.0,0.0,"Güzeltepe Caddesi, Çengelköy Mahallesi, Üsküdar, İstanbul, Marmara Bölgesi, 34680, Türkiye"
uskudar,cengelkoy,kirazlitepe,733,5,41.041917,29.060171,1.0,0.0,"Kirazlıtepe, Seçkinler Sokağı, Çengelköy Mahallesi, Üsküdar, İstanbul, Marmara Bölgesi, 34680, Türkiye"
uskudar,cengelkoy,mehmet akif ersoy,734,19,41.0509178,29.0538023,2.0,0.0,"Çengelköy Mahallesi, Üsküdar, İstanbul, Marmara Bölgesi, Türkiye"
uskudar,dogancilar,ahmediye,735,15,41.018405,29.013263,2.0,0.0,"Doğancılar, Tunus Bağı Caddesi, Ahmediye Mahallesi, Üsküdar, İstanbul, Marmara Bölgesi, 34672, Türkiye"
uskudar,ferah,kisikli,736,26,41.0329956,29.0724337,2.0,0.0,"Ferah Mahallesi, Üsküdar, İstanbul, Marmara Bölgesi, Türkiye"
uskudar,ferah,merkez,737,24,41.0329956,29.0724337,2.0,0.0,"Ferah Mahallesi, Üsküdar, İstanbul, Marmara Bölgesi, Türkiye"
uskudar,ferah,yavuzturk,738,10,41.030728,29.079951,1.0,0.0,"Yavuztürk Sapağı, Bosna Bulvarı, Ferah Mahallesi, Üsküdar, İstanbul, Marmara Bölgesi, 34692, Türkiye"
uskudar,kandilli,kucuksu,739,41,41.0767086,29.0651191,1.0,0.0,"Küçüksu Kasrı Mesire Alanı, Kandilli Mahallesi, Üsküdar, İstanbul, Marmara Bölgesi, Türkiye"
uskudar,kandilli,kuleli,740,3,41.0726098,29.0576991,2.0,0.0,"Kandilli Mahallesi, Üsküdar, İstanbul, Marmara Bölgesi, 34684, Türkiye"
uskudar,kandilli,merkez,741,2,41.0726098,29.0576991,2.0,0.0,"Kandilli Mahallesi, Üsküdar, İstanbul, Marmara Bölgesi, 34684, Türkiye"
uskudar,kuzguncuk,merkez,742,2,41.03216,29.0360265,2.0,0.0,"Kuzguncuk Mahallesi, Üsküdar, İstanbul, Marmara Bölgesi, Türkiye"
uskudar,merkez,aziz mahmut hudayi,743,10,41.0253903,29.1018955,2.0,0.0,"M5 Üsküdar-Samandıra Merkez Metro Hattı, Alemdağ Yan Yolu, Kısıklı Mahallesi, Ümraniye, İstanbul, Marmara Bölgesi, 34692, Türkiye"
uskudar,merkez,mimar sinan,744,19,41.0253903,29.1018955,2.0,0.0,"M5 Üsküdar-Samandıra Merkez Metro Hattı, Alemdağ Yan Yolu, Kısıklı Mahallesi, Ümraniye, İstanbul, Marmara Bölgesi, 34692, Türkiye"
uskudar,merkez,salacak,745,19,41.0253903,29.1018955,2.0,0.0,"M5 Üsküdar-Samandıra Merkez Metro Hattı, Alemdağ Yan Yolu, Kısıklı Mahallesi, Ümraniye, İstanbul, Marmara Bölgesi, 34692, Türkiye"
uskudar,merkez,sultantepe,746,18,41.0253903,29.1018955,2.0,0.0,"M5 Üsküdar-Samandıra Merkez Metro Hattı, Alemdağ Yan Yolu, Kısıklı Mahallesi, Ümraniye, İstanbul, Marmara Bölgesi, 34692, Türkiye"
uskudar,merkez,zeynep kamil,747,12,41.0253903,29.1018955,2.0,0.0,"M5 Üsküdar-Samandıra Merkez Metro Hattı, Alemdağ Yan Yolu, Kısıklı Mahallesi, Ümraniye, İstanbul, Marmara Bölgesi, 34692, Türkiye"
uskudar,selimiye,merkez,748,8,41.0058418,29.0177481,2.0,0.0,"Selimiye Mahallesi, Üsküdar, İstanbul, Marmara Bölgesi, 34668, Türkiye"
uskudar,unalan,unalan,749,45,40.9980939,29.0600259,1.0,0.0,"Ünalan, Yaya Tünnel, Ünalan Mahallesi, Üsküdar, İstanbul, Marmara Bölgesi, 34700, Türkiye"
zeytinburnu,bestelsiz,bestelsiz,750,3,40.9962819,28.9047527,1.0,0.0,"Beştelsiz Millet Kıraathanesi, İnönü Bulvarı, Beştelsiz Mahallesi, Zeytinburnu, İstanbul, Marmara Bölgesi, 34020, Türkiye"
zeytinburnu,bestelsiz,gokalp,751,3,40.9909924,28.9051152,1.0,0.0,"Gökalp, 48. Sokak, Gökalp Mahallesi, Zeytinburnu, İstanbul, Marmara Bölgesi, 34020, Türkiye"
zeytinburnu,bestelsiz,kazlicesme,752,15,40.9994868,28.9045024,2.0,0.0,"Beştelsiz Mahallesi, Zeytinburnu, İstanbul, Marmara Bölgesi, Türkiye"
zeytinburnu,bestelsiz,telsiz,753,6,40.9994868,28.9045024,2.0,0.0,"Beştelsiz Mahallesi, Zeytinburnu, İstanbul, Marmara Bölgesi, Türkiye"
zeytinburnu,bestelsiz,yenidogan,754,3,40.9886669,28.9055422,1.0,0.0,"Yenidogan, 48. Sokak, Yenidoğan Mahallesi, Zeytinburnu, İstanbul, Marmara Bölgesi, 34020, Türkiye"
zeytinburnu,cirpici,cirpici,755,4,40.9999244,28.8900034,1.0,0.0,"Çırpıcı Şehir Parkı, Osmaniye Mahallesi, Bakırköy, İstanbul, Marmara Bölgesi, 34146, Türkiye"
zeytinburnu,cirpici,nuripasa,756,5,41.0002245,28.8962437,2.0,0.0,"Çırpıcı Mahallesi, Zeytinburnu, İstanbul, Marmara Bölgesi, Türkiye"
zeytinburnu,cirpici,sumer,757,15,41.0002245,28.8962437,2.0,0.0,"Çırpıcı Mahallesi, Zeytinburnu, İstanbul, Marmara Bölgesi, Türkiye"
zeytinburnu,cirpici,veliefendi,758,17,41.000571,28.897739,1.0,0.0,"Veliefendi İlkokulu, Modabağ Sokağı, Çırpıcı Mahallesi, Zeytinburnu, İstanbul, Marmara Bölgesi, 34025, Türkiye"
zeytinburnu,cirpici,yesiltepe,759,3,40.999323,28.892766,1.0,0.0,"Yeşiltepe, Profesör Doktor Aziz Ergin Caddesi, Çırpıcı Mahallesi, Zeytinburnu, İstanbul, Marmara Bölgesi, 34025, Türkiye"
zeytinburnu,maltepe,merkez,760,26,41.0199464,28.9072266,1.0,0.0,"Merkez Efendi Polis Merkezi, Serçe Kale Sokağı, Cevizlibağ, Maltepe Mahallesi, Zeytinburnu, İstanbul, Marmara Bölgesi, 34010, Türkiye"
zeytinburnu,merkezefendi,merkez,761,12,41.0175627,28.9167195,1.0,0.0,"Biruni Üniversitesi Merkez Kampüs, 1-13, Topkapı Kavşağı, Merkezefendi Mahallesi, Zeytinburnu, İstanbul, Marmara Bölgesi, 34015, Türkiye"
zeytinburnu,merkezefendi,seyitnizam,762,9,41.0092534,28.9101477,1.0,0.0,"seyitnizam ezcane, Merkez Efendi Tekke Sokağı, Seyitnizam Mahallesi, Zeytinburnu, İstanbul, Marmara Bölgesi, 34015, Türkiye"
